category,title,context,group,url,contact
學術處計畫申請案,學術處計畫申請案,"中研院多年來鼓勵研究人員積極投入，並自110 年起重新規劃中研院研究人員可向院方申請的競爭型學術研究計畫經費之類型，依計畫性質與補助規模分為三大類型：
第一類型：深耕基礎研究，精益求精型，包含前瞻計畫、深耕計畫與主題研究計畫；
第二類型：追求關鍵議題與新興領域突破型，包含關鍵突破種子計畫與關鍵突破研究計畫；
第三類型：任務導向型，包含永續科學研究計畫、任務導向生技研究計畫、因應流行病研究計畫、材料與分析科技探索計畫(iMATE)與數位人文研究計畫。

三大類型計畫目標一致，唯差於選題的主導性。第一、二類型計畫，係為保障學術研究自由，同仁由下而上提出構想；第三類型計畫則是由上至下任務導向之規劃，及中研院科技施政布局。
各計畫的經費配置是依據不同計畫類型、個人型或團隊整合型、執行計畫之規模和深度、效益評估等條件，參考過往經驗及分析檢討後嚴謹規劃分配，再輔以計畫審議之相關實務研究成果加以修正。",學術,https://sub.daais.sinica.edu.tw/grants/about.htmll,"李立文 02-27892575
趙婉伶 02-27898067
徐靜萍 02-27899351
曾錦錚 02-27899386
李家茵 02-27899476
簡玫秀 02-27899676
陳羿君 02-27872612
白倩華 02-27872613
張元貞 02-27872614"
學術處計畫申請案,第一、二類型計畫,"中研院研究人員可主動向院方申請的競爭型學術研究計畫經費之類型，為第一、二類型計畫：1)前瞻計畫、深耕計畫與主題研究計畫 2)關鍵突破種子計畫與關鍵突破研究計畫。詳細說明可參考https://sub.daais.sinica.edu.tw/grants/index.html。

如果您想申請計畫，請登錄中研院學術服務管理系統https://asms.sinica.edu.tw/。",學術,https://sub.daais.sinica.edu.tw/grants/index.html,"趙婉伶 02-27898067
徐靜萍 02-27899351
曾錦錚 02-27899386
簡玫秀 02-27899676
陳羿君 02-27872612
白倩華 02-27872613"
學術處計畫申請案-第一、二類型計畫,前瞻計畫,"中研院前瞻計畫旨在延攬、拔擢研究成果優異並深具發展潛力的年輕學者，以進行具國際競爭力之前瞻性研究課題，期培植成為世界頂尖學術研究人才。

前瞻計畫採推薦制，推薦單位請依「中央研究院前瞻計畫作業要點」辦理，相關作業要點請參考https://www.sinica.edu.tw/ch/articles/230。

本計畫為5年期個人型計畫。本計畫的被推薦人必須是中研院的專任助研究員、新聘之非長聘助研究員，或中研院各研究所(處)、研究中心擬新聘之助研究員、非長聘副研究員，已進入中研院學組聘審程序者。

本計畫的申請應包括以下文件：
1)研究計畫書。
2)個人履歷資料和近年主要著作目錄。
3)推薦函及所務或中心業務會議紀錄。

本計畫每年之申請時間在3-5月，4月初先提交意願書，並於5月初請推薦單位將計畫書紙本資料(1 式 3 份)函送本院，經過國內外學者專家之書面初審、各學組委員會複審及三學組聯席決審會議後，11月公告通過審核申請案，通過審查之核定計畫將會於次年1月開始執行。

本計畫經費申請額度的上限為新台幣500萬元。

有關計畫詳細說明，請參閱https://sub.daais.sinica.edu.tw/grants/cda.html。如果您想申請計畫，請登錄中研院學術服務管理系統https://asms.sinica.edu.tw/。",學術,https://sub.daais.sinica.edu.tw/grants/cda.html,"趙婉伶 02-27898067 
徐靜萍 02-27899351 
曾錦錚 02-27899386"
學術處計畫申請案-第一、二類型計畫,深耕計畫,"中研院深耕計畫旨在拔擢並長期培育中研院傑出且具潛能之研究人員，使其長期致力於知識領域重要課題的原創性研究，充分發揮研究潛能，以期日後在生命科學、數理科學、人文及社會科學等領域中重要課題研究上，有世界級水準之重要貢獻。

深耕計畫採用申請制，有關申請的詳細內容請依照「中央研究院深耕計畫作業要點 」辦理，相關作業要點請參考https://www.sinica.edu.tw/ch/articles/231。

本計畫的計畫主持人必須是中研院的專任副研究員以上之研究人員。

本計畫為5年期個人型計畫。

本計畫的申請應包括以下文件：
1)研究計畫書。
2)個人履歷資料和近年主要著作目錄。

本計畫每年之申請時間在3-5月，4月初先提交意願書，並於5月初提交計畫書；經過國內外學者專家之書面初審、各學組委員會複審及三學組聯席決審會議後，11月公告通過審核申請案，通過審查之核定計畫將會於次年1月開始執行。

本計畫經費申請額度的上限為新台幣500萬元。

有關計畫詳細說明，請參閱https://sub.daais.sinica.edu.tw/grants/iva.html。如果您想申請計畫，請登錄中研院學術服務管理系統https://asms.sinica.edu.tw/。",學術,https://www.sinica.edu.tw/ch/articles/231,徐靜萍 02-27899351
學術處計畫申請案-第一、二類型計畫,主題研究計畫,"主題研究計畫旨為推動中研院研究專案計畫，在基礎研究領域作出世界級的重要貢獻。

本計畫之計畫(總)主持人須為中研院專任研究人員。
本計畫以三年為期，依計畫規模分為下列兩類:
1)個人型研究計畫 
2)單一整合型研究計畫
本計畫之申請應包含下列文件：
1)研究計畫書
2)個人履歷資料及近年主要著作目錄

本計畫每年之申請時間在3-5月，4月初先提交意願書，並於5月初提交計畫書；經過國內外學者專家之書面初審、各學組委員會複審及三學組聯席決審會議後，11月公告通過審核申請案，通過審查之核定計畫將會於次年1月開始執行。

根據本計畫的不同規模，個人型研究計畫經費申請額度的上限為新台幣500萬元，單一整合型研究計畫上限為新台幣800萬元。

有關計畫詳細說明，請參閱https://sub.daais.sinica.edu.tw/grants/tp.html。如果您想申請計畫，請登錄中研院學術服務管理系統 https://asms.sinica.edu.tw/。",學術,https://sub.daais.sinica.edu.tw/grants/tp.html,"趙婉伶 02-27898067 
曾錦錚 02-27899386 
簡玫秀 02-27899676"
學術處計畫申請案-第一、二類型計畫,關鍵突破種子計畫,"為提升中研院基礎研究，鼓勵研究人員著眼於社會及學術上亟待克服之挑戰，剖析現有限制，發掘關鍵問題之所在，進而提出具突破性的解決策略，達成「成就全球頂尖研究」之目標，故提出關鍵突破研究計畫。

關鍵突破計畫採用申請制，有關申請的詳細內容請依照「中央研究院關鍵突破計畫作業要點 」辦理，相關作業要點請參考https://www.sinica.edu.tw/ch/articles/425。

本計畫的計畫(總)主持人必須是中研院的專任研究人員。

本計畫根據計畫期程和階段分為以下兩種：
1)關鍵突破種子計畫(Seed Project)：計畫為期1至2年，適用於概念尚在萌芽階段，但具有原創性和發展潛力的研究計畫。
2)關鍵突破研究計畫：計畫期限原則上為5年，適用於已有較具體概念、相對成熟的研究計畫。

本計畫根據計畫規模分為以下3類：
1)個人型研究計畫。
2)單一整合型研究計畫。
3)所、中心問題導向型團隊研究計畫。

本計畫的申請應包括以下文件：
1)研究計畫書。
2)個人履歷資料和近年主要著作目錄。

本計畫每年分兩梯次申請，第一梯次申請時間在1-3月，經過書面初審、委員會複審及三學組聯席決審會議後，通過審查之核定計畫將會於同年7月開始執行；而第二梯次申請在7-9月，同樣經過三階段審查後，通過之計畫則會於次年1月開始執行。

本計畫的經費申請額度上限為新台幣2,000萬元。

有關計畫詳細說明，請參閱https://sub.daais.sinica.edu.tw/grants/gcs.html。如果您想申請計畫，請登錄中研院學術服務管理系統https://asms.sinica.edu.tw/。",學術,https://sub.daais.sinica.edu.tw/grants/gcs.html,"陳羿君 02-27872612 
白倩華 02-27872613"
學術處計畫申請案-第一、二類型計畫,關鍵突破研究計畫,"為提升中研院基礎研究，鼓勵研究人員著眼於社會及學術上亟待克服之挑戰，剖析現有限制，發掘關鍵問題之所在，進而提出具突破性的解決策略，達成「成就全球頂尖研究」之目標，故提出關鍵突破研究計畫。

關鍵突破計畫採用申請制，有關申請的詳細內容請按照「中央研究院關鍵突破計畫作業要點 」辦理(https://www.sinica.edu.tw/ch/articles/425)。

本計畫的計畫(總)主持人必須是中研院的專任研究人員。

本計畫根據計畫期程和階段分為以下兩種：
1)關鍵突破種子計畫(Seed Project)：計畫為期1至2年，適用於概念尚在萌芽階段，但具有原創性和發展潛力的研究計畫。
2)關鍵突破研究計畫：計畫期限原則上為5年，適用於已有較具體概念、相對成熟的研究計畫。

本計畫根據計畫規模分為以下3類：
1)個人型研究計畫。
2)單一整合型研究計畫。
3)所、中心問題導向型團隊研究計畫。

本計畫的申請應包括以下文件：
1)研究計畫書。
2)個人履歷資料和近年主要著作目錄。

本計畫每年之申請時間在3-5月，4月初先提交意願書，並於5月初提交計畫書；經過國內外學者專家之書面初審、各學組委員會複審及三學組聯席決審會議後，11月公告通過審核申請案，通過審查之核定計畫將會於次年1月開始執行。

本計畫的經費申請額度上限為新台幣2,000萬元。

有關計畫詳細說明，請參閱https://sub.daais.sinica.edu.tw/grants/gcp.html。如果您想申請計畫，請登錄中研院學術服務管理系統https://asms.sinica.edu.tw/。",學術,https://sub.daais.sinica.edu.tw/grants/gcp.html,陳羿君 02-27872612
學術處計畫申請案-第三類型計畫,永續科學研究計畫,"中研院推動以解決關鍵永續問題為導向、強調跨領域科學整合之實踐，突破人類社會永續困境的研究計畫。計畫以中研院研究人員為團隊核心，再邀請院外學者加入團隊共同研究，研究成果期能作為政府擬定政策之參考，亦希望讓我國的永續科學研究有更高的國際能見度。
永續研究推動六大方向：1.能源與減碳科技、糧食、空氣、水資源之保衛與安全、3.邁向永續社會之轉型、4.健康福祉與環境變遷、5.全球變遷下的地球系統、6.災害預防、降低及復原。每年依永續諮詢委員會建議，訂定年度計畫徵求主題。

本計畫徵求：
1. 本計畫主要為3年期之整合型及單一整合型計畫(每年定期公告徵求主題)。
2. 依院方政策需求，不定期推動主動規劃型(Top-down)計畫(執行以為期1年內為原則)。
3. 每年4月下旬辦理計畫說明會(公布年度徵求主題)，6月底截止受理計畫申請收件，11月公告通過審核申請案，通過審查之核定計畫於次年1月開始執行。

本計畫為任務導向整合型(分支計畫數2-5)及單一整合型計畫，因執行主題及合作規模各異，並無明確訂定經費申請額度上限(計畫總經費以不超過2,000萬為原則)，核可計畫依審查會議共識，核定合理之執行經費。

有關永續整體推動詳細說明可參考http://www.cfss.sinica.edu.tw/。",學術,http://www.cfss.sinica.edu.tw/,李立文 02-27892575
學術處計畫申請案-第三類型計畫,任務導向生技研究計畫,任務導向生技研究計畫主要目標為鼓勵具小分子藥物、抗體藥物、核酸藥物、奈米藥物、細胞治療及醫材研發經驗之團隊進行轉譯醫學研究，促進基礎研究成果活用至六大生醫領域，包括精準醫學/癌症治療、感染性疾病、神經退化性疾病、代謝疾病、創新醫療應用和創新檢測技術，開發符合臨床需求之生技新藥產品，提升我國新藥開發之國際競爭力。本計畫為產品導向的研究計畫，主要目標是在3-5年內將研發成果發展成具有商業價值的產品技術，以利後續銜接至產業界開發。經審查通過之計畫，可進駐於國家生技研究園區執行。本計畫每年之申請時間在4-7月，5月中旬先提交意願書，並於7月中旬提交計畫書；經過國內外學者專家之書面初審、委員會複審及聯席決審會議後，11月公告通過審核申請案，通過審查之核定計畫將會於次年1月開始執行。本計畫執行時間原則是3-5年，經費額度依需求而訂定。詳細說明可參考https://daais.sinica.edu.tw/pages/3048?locale=zh-tw。,學術,https://daais.sinica.edu.tw/pages/3048?locale=zh-tw,張元貞 02-27872614
學術處計畫申請案-第三類型計畫,因應流行病研究計畫,因應流行病研究計畫旨在集結院內傳染病研究量能，跨單位共同合作投入相關檢測技術、藥物、抗體、疫苗與致病機轉之研發，並提供跨領域實驗室支援，例如分子結構學、抗體研發、動物模式與P3實驗室等相關資源，以建立完整流行病研究開發之環境，並提升整體研究量能。本計畫期能完善感染性疾病防治所需的重要技術平台及關鍵性藥品資源庫，以期未來?臨新興傳染病爆發時，在國家層級上能以最?效率於最短時間內研發出快篩試劑之原型、抗體藥物、?分?藥物及疫苗，快速提供產業進?臨床(前)確效驗證後進?商品化，並為所建立的關鍵技術平台、?物樣品/材料、細胞/動物模式、實驗作業流程及資料，於國家?技研究園區維運及?期保存，作為國家重要的新興傳染病防治資源庫。本計畫每年之申請時間在4-7月，5月中旬先提交意願書，並於7月中旬提交計畫書；經過國內外學者專家之書面初審、委員會複審及聯席決審會議後，11月公告通過審核申請案，通過審查之核定計畫將會於次年1月開始執行。本計畫執行時間原則是4年，經費額度每年以新臺幣2000萬元為上限。詳細說明可參考https://daais.sinica.edu.tw/pages/3049?locale=zh-tw。,學術,https://daais.sinica.edu.tw/pages/3049?locale=zh-tw,張元貞 02-27872614
學術處計畫申請案-第三類型計畫,材料與分析科技探索計畫(iMATE),中研院為厚植國家科研競爭發展力，跨領域共同探索具有關鍵特質的新穎材料與關鍵功能的分析科技，為國家搶先引領國際之研究先機。詳細說明可參考https://imate.iams.sinica.edu.tw/home。,學術,https://imate.iams.sinica.edu.tw/home,李家茵 02-27899476
學術處計畫申請案-第三類型計畫,數位人文研究計畫,推動中研院數位人文研究、創新數位文化，協助人文學研究的數位轉向，積極加速研究成果與在地社會建立有機連結，與全球相關領域比肩互動為使命的跨領域整合。詳細說明可參考https://ascdc.sinica.edu.tw/。,學術,https://ascdc.sinica.edu.tw/,李家茵 02-27899476
學術處計畫申請案,審查,中研院計畫之審查重點在於是否解決重要關鍵問題、創新程度、預期影響程度及國際競爭力等。審查作業則採計畫領域專家書面審查後再複審及決審三階段模式。其中，第一、第二類型研究計畫自 109 年實施新制，採取同學組相同領域之各類計畫，交由數理科學、生命科學、人文及社會科學三學組之複審委員會(Review Panel)討論評比，並輔以中研院觀點進行決策。此作法便於通盤考量各項申請案之水準高低或主題相近程度等，使經費補助更具公平與效益。,學術,https://sub.daais.sinica.edu.tw/grants/about.html,"李立文 02-27892575 
趙婉伶 02-27898067 
徐靜萍 02-27899351 
曾錦錚 02-27899386 
李家茵 02-27899476 
簡玫秀 02-27899676 
陳羿君 02-27872612 
白倩華 02-27872613 
張元貞 02-27872614"
學術處計畫申請案,執行,"中研院核定通過計畫的經費配置是依據不同計畫類型、個人型或團隊整合型、執行計畫之規模和深度、效益評估等條件，參考過往經驗及分析檢討後嚴謹規劃分配之，輔以計畫審議之相關實務研究成果並加以修正，並將持續辦理研究計畫之期中報告審查、執行期滿報告評鑑、計畫變更及經費管控等追蹤管考評核作業，對每件計畫設有滾動式調整補助金額的機制，期能達到最佳運作效益。
藉由建立完善且多元管道的經費補助機制，從徵求、高標準審查、執行追蹤，到各階段性成果評估，厚植中研院各?域之研究實?，在全球各項重要議題研究上貢獻解題量能，並具體反思中研院就善盡國家社會關鍵責任此一目標的實踐。

中研院前瞻計畫為延攬、拔擢研究成果優異並深具發展潛力的年輕學者，特設立本計畫，以進行具國際競爭力之前瞻性研究課題，期培植成為世界頂尖學術人才。本計畫112年度計有10項新增計畫獲得補助，48項延續性計畫持續執行。凡獲得本計畫補助之研究人員，可得到院方連續5年經費資助其研究工作。

中研院深耕計畫是一項長期支持院內傑出研究人員在其專業學術領域中獨立、原創性研究的計畫。經過嚴格的申請、推薦和審查程序，候選人可獲得五年的研究經費支持。此計畫自1994年開始執行，112年補助64件計畫，至今已經有多項研究成果，包括生命科學、數理科學、人文及社會科學等領域的重要研究。計畫每年會要求得獎人提交前一年的進度報告，並在計畫結束前一年進行公開成果演講和提交成果報告。該計畫的目標是培育院內優秀研究人員，使其在重要領域的研究達到世界水準。計畫的預期成果是產生具有世界水準的重要研究成果。

中研院主題研究計畫為推動研究專案計畫，在基礎研究領域作出世界級的重要貢獻，特設跨研究所、研究中心主題研究計畫，每年分別由數理科學、生命科學與人文及社會科學三大領域中，挑選最具前瞻性與代表性之主題，以期發展出具有創造性、突破性的研究成果。中研院主題研究計畫112年度除了延續前1年度21項跨領域、跨所、中心重要研究計畫，並新增9項數理、生命及人文社會科學等重要研究議題，持續研究並作出具體貢獻。

關鍵突破計畫為中研院近年研究創新主軸，主要為補助經謹慎挑選符合中研院及國家社會發展的關鍵學術議題研究，勇於挑戰並突破現有瓶頸。112年補助42件關鍵突破種子計畫與29件關鍵突破研究計畫，重點研究主題含基因與細胞療法、資料科學、空氣汙染、量子科技、未來社會、極權政權之社會調查、重大疾病與精準醫療、農業生技及健康長壽大挑戰等領域，希望發掘、定義，並突破關鍵瓶頸，更盼望可以明確指出，解決了哪些重要的科學與社會問題，善盡國家最高研究機關以及科學家的職責。",學術,https://sub.daais.sinica.edu.tw/grants/comparison.html,"李立文 02-27892575
趙婉伶 02-27898067
徐靜萍 02-27899351
曾錦錚 02-27899386
李家茵 02-27899476
簡玫秀 02-27899676
陳羿君 02-27872612
白倩華 02-27872613
張元貞 02-27872614"
學術處計畫申請案-第三類型計畫,核心設施及新創儀器計畫,"核心設施及新創儀器計畫主要目標是提升中研院的研究能力和競爭力，通過充實和有效運用現有的研究資源，提高核心設施的服務品質和使用效能，並鼓勵研發新創研究儀器。

本計畫的申請應包括以下文件：
1.研究計畫書。
2.個人履歷資料和近年主要著作目錄。

補助對象包括
1.符合中研院重點研究方向的研究設施或儀器，中研院重點研究方向如基因體學、蛋白質體學、代謝體學及其他與生命科學相關熱門課題之研究
2.中研院多單位或跨領域研究有共同之需求
3.需專業人員協助進行實驗的研究設施或儀器
4.用於特殊研究技術開發或提昇設備特殊功能的研究設施或儀器

核心設施及新創儀器計畫將有助於中研院提高其研究能力和水準，並加強與國際接軌。此外，透過提供先進的研究設施和儀器，將有助於促進國內科技創新和經濟發展。",學術,https://daais.sinica.edu.tw/posts/30946?locale=zh-tw,中研院學術處
核心設施及新創儀器計畫,核心設施建置型計畫,"核心設施建置型計畫的目標是建立新的核心設施並將其開放給全院使用。申請人必須是中研院專任助研究員及以上或專任研究助技師及以上的人員。

本計畫的計畫期限為1到5年。在計畫期滿前的最後1年，申請人可以提交下一期計畫的申請書，以延續計畫的進行。

申請人應該在申請書中說明所需的經費、設備、人員和其他資源，並詳細描述計畫的目標、方法和預期成果。申請人應該提供一個預估的時間表，說明計畫實施的步驟和進度。申請人還需要提供一個評估計畫進度和成果的方法和標準，以及預期的貢獻和應用價值。",學術,https://daais.sinica.edu.tw/posts/30946?locale=zh-tw,中研院學術處
核心設施及新創儀器計畫,核心設施維運型計畫,"核心設施維運型計畫的目標是申請人將各所已設立之共用研究設施提供服務給全院同仁。申請人必須是中研院專任助研究員及以上或專任研究助技師及以上的人員。

本計畫的計畫期限為1到5年。在計畫期滿前的最後1年，申請人可以提交下一期計畫的申請書，以延續計畫的進行。

申請人應在申請書中提供有關計畫執行的詳細計畫，包括可提供的儀器設備、服務內容和收費價格，以及使用和預約設備的程序和規則。申請人還應提供一個有關使用共用設施的預期效益和貢獻的計畫，並描述共用設施的現有使用情況和運作狀況。

申請人應該提供評估計畫進度和成果的方法和標準，以及預期的貢獻和應用價值。申請人還應討論共用設施的擴展和更新，以確保其符合研究需要和技術發展。",學術,https://daais.sinica.edu.tw/posts/30946?locale=zh-tw,中研院學術處
核心設施及新創儀器計畫,新創儀器開發型計畫,"新創儀器開發型計畫是一個研發新的研究儀器或設施，並將其設置為核心設施提供全院同仁使用的計畫。申請人必須為中研院的專任助研究員或專任研究助技師以上職稱的人員。

本計畫為1-5年期計畫，並且在計畫期滿前1年，申請人可以提交下一期計畫的申請書。

申請人應該在申請書中說明所需的經費、設備、人員和其他資源，並詳細描述計畫的目標、方法和預期成果。申請人應該提供一個預估的時間表，說明計畫實施的步驟和進度。申請人還需要提供一個評估計畫進度和成果的方法和標準，以及預期的貢獻和應用價值。",學術,https://daais.sinica.edu.tw/posts/30946?locale=zh-tw,中研院學術處
核心設施及新創儀器計畫,全院性核心設施,"中央研究院的各研究所和研究中心都配有各種共用儀器設施，這些儀器設施專門為特定的研究主題而設立，由專人管理、操作和維護。這些共用儀器設施是為了滿足所屬研究單位的研究需求而建立的。

中央研究院還設立了全院性核心設施，這些共用設施是指向中央研究院全體同仁開放的共用儀器設施。由於這些設施具有服務性質，因此可以向使用者收取服務費用以回收維護成本。同時，它們還接受中央研究院提供的儀器設備、專職人力和公共事務維護等經費補助。

不同主題的全院性核心設施不僅提供最新的儀器設備，還有專職人員可以協助設計實驗、進行樣品檢測和實驗資料分析。

各個全院性核心設施專精於不同的技術領域，可以提供以下服務：
1.科學實驗研究所需的科學儀器
2.用於產品研發的尖端技術
3.儀器操作人員培訓和專業技術諮詢

全院性核心設施都由專職人員管理，主要為中央研究院的研究人員提供服務。當設施的各項服務還有餘裕時，部分設施也可服務院外單位。如果您有興趣使用全院性核心設施，可到各核心設施網站查看各設施承辦人員聯絡資料。有關各個設施的詳細說明，請參見https://daais.sinica.edu.tw/pages/519。",學術,https://daais.sinica.edu.tw/pages/519,中研院學術處
全院性核心設施,基因轉殖鼠核心設施,"1997年成立的基因轉殖鼠核心設施，主要為中研院研究人員、國內大學及其他學術研究機構提供生產基因改造模式小鼠、小鼠胚胎冷凍及相關技術服務。

該核心設施已成功建立兩種基因編輯技術，包括
1.類轉錄活化因數核酸? Transcription Activator-like Effectors Nuclease (TALEN)
2.常間回文重複序列叢集關聯蛋白 Clustered Regularly Interspaced Short Palindromic Repeats (CRISPR)
以產製基因改造小鼠。每年不斷導入新研究技術，精進基因編輯實驗，期望縮短生產基因改造小鼠的時間表。

主要服務專案包括：
1.原核顯微注射產製基因轉殖或剔除的小鼠
2.使用TALEN/CRISPR技術產製基因修飾小鼠
3.小鼠胚胎幹細胞之基因標的
4.小鼠胚幹細胞條件式基因剔除
5.嵌合鼠產製（囊胚顯微注射）
6.胚胎冷凍
7.精子冷凍
8.體外受精
9.胚胎移植
10.工具鼠之提供
11.基因轉殖鼠實驗設計諮詢

主要設備包括：
1.基因轉殖器
2.顯微注射系統
3.拉針器
4.鑄針器

該設施位於中研院分子生物研究所5樓，由該研究所蔡青宴研究副技師負責管理。

有關基因轉殖鼠核心設施的使用規則、收費標準及聯繫方式，請參見https://www.imb.sinica.edu.tw/TCF/。",學術,https://www.imb.sinica.edu.tw/TCF,中研院學術處
全院性核心設施,公用動物設施,"公用動物設施之空間承接自突變鼠計畫時向中研院生物醫學科學研究所商借之實驗室空間，台灣小鼠診所搬遷後，再擴充至現有規模。設施2019年納入全院性核心設施計畫，主要是為提供中研院研究同仁一個符合無特定病原Specific Pathogen Free (SPF) 實驗動物代養空間，並提供實驗鼠麻醉、操作、採樣及監測小鼠生理訊號用儀器設備借用服務。

申請相關服務前，研究計畫須經中研院實驗動物照護及使用委員會Institutional Animal Care and Use Committee (IACUC) 審查通過，另外請備妥動物健康監測報告，經設施承辦人員審查通過，才能辦理實驗動物入室程序。

主要服務專案包括：
1.無特定病源SPF小鼠代養服務。
2.提供基礎實驗設備可進行腫瘤試驗、藥物測試、免疫、神經、發育相關等動物實驗。

主要設備包括：
1. 全區採用獨立通氣飼養系統Individually Ventilated Cage (IVC)
2. 生物安全櫃
3. 氣麻機
4. 活體冷光系統

該設施位於中研院生物醫學科學研究所大樓10樓，由該所徐志文副研究員負責管理。

有關公用動物設施的使用規則、收費標準及聯繫方式，請參見
https://ascore.sinica.edu.tw/",學術,https://ascore.sinica.edu.tw/,中研院學術處
全院性核心設施,生物物理核心設施,"生物物理核心設施Biophysics Core Facility 原為中研院生物化學研究所自設設施，於2008年開放服務全院同仁，2019年加入全院性核心設施計畫，主要服務中研院研究人員、國內大學及其他學術研究機構。 

設施將數種分子定性分析儀器集中放置，藉著將生物分子樣品以各類儀器分析測量之數據結果，研究者可以了解生物分子的物理化學性質，從粒徑大小、分子量到不同生物分子交互作用的熱力學、動力學與結構學資訊。 

主要服務專案包括： 
1.提供多種分子定性分析儀器預約使用 
2.部分儀器提供樣品待測服務，如分析型超高速離心機及高通量生物薄膜干涉儀 
3.不定期辦理各項儀器之教育訓練 
4.使用者可付費參加各項儀器操作認證課程，合格後者可預約儀器自行操作 
4.各項儀器實驗設計諮詢服務 

主要設備包括： 
1.分析型超高速離心機 (Beckman Coulter XL-I) 
2.表面電漿共振式生物分子感測器 (Biacore T200, Biacore 8K) 
3.圓二色儀 (Chirascan+ CD) 
4.等溫滴定測焓儀 (iTC200, Auto PEAQ-ITC) 
5.熱示差式掃描熱卡計 (Auto PEAQ-DSC) 
6.蛋白穩定性分析儀 (Tycho NT.6) 
7.高通量生物薄膜干涉儀(Octet RED96) 
8.動態光散射儀 (DynaPro NanoStar, Zetasizer Nano ZS) 
9.黏度計及密度計 (Lovis 2000ME & DMA5000M) 

該設施位於中研院生物化學研究所4樓402室，由該研究所饒淑娟研究副技師負責管理。 

有關生物物理核心設施的使用規則、收費標準及聯繫方式，請參見 
http://bcf.daais.sinica.edu.tw/index_C.html",學術,http://bcf.daais.sinica.edu.tw/index_C.html,中研院學術處
全院性核心設施,生物安全第三等級實驗室,"中研院配合國家政策，在衛生福利部輔導下於2004年動工建造生物安全第三等級實驗室，並於2009年6月通過衛生福利部認證開始啟用。設施於2019年納入全院性核心設施計畫，主要服務中研院研究人員，亦與國內公私立大學、研究機構及生技業者進行研究合作。

生物安全第三等級實驗室 (P3實驗室) 是操作危險性生物安全等三級Risk Group 3 (RG3)病毒之特定實驗室，但不包含細菌感染與動物實驗。能提供給專家學者符合國際標準的P3研究場所，成為提升台灣危險性病毒研究、防治及生物安全防護能力的核心，以因應下一波疫情流行。

主要服務專案包括：
1.提供操作危險性生物安全等三級Risk Group 3病毒之操作場所
2.依據本實驗室之標準作業程序訓練操作人員，通過認證後始得以利用P3實驗室空間、設備獨立操作危險性病原進行實驗
3.提供危險性病原試驗相關技術諮詢

主要設備包括：
1. P3 實驗室提供全負壓環境
2. Class lI-A2, B2 之生物安全操作櫃

該設施位於中研院生物醫學科學研究所 P3實驗室，由該所林宜玲研究員負責管理。

有關生物安全第三等級實驗室的使用規則、收費標準及聯繫方式，請參見
https://www.ibms.sinica.edu.tw/support_dep/full_version/index28.html",學術,https://www.ibms.sinica.edu.tw/support_dep/full_version/index28.html,中研院學術處
全院性核心設施,實驗植物核心溫室設施,"實驗植物核心溫室設施於2011年建置完竣、開放服務，設施於2019年納入全院性核心設施計畫，主要服務中研院研究人員、國內大學及其他學術研究機構。

核心設施包括精密溫室與分子育種溫室，備有可設定生長條件植物生長設備，可供使用者預約使用，藉以研究?同?型植物的生長發育，包括走入式生長室、單門或雙門生長箱、網室以及玻璃房溫室共140單元。此外，設施也設置植物實驗所需之植物攝影室、介質室、土壤準備室和公用實驗室，方便於現場操作使用。

主要服務專案包括：
1. 提供植物生長空間 
2. 植物基因轉殖服務
3. 植物種植代客操作
4. 介質管理資材服務
4. 提供專人協助維持植物生長設備之恆定溫溼度、管理病蟲害、土壤施肥培養等服務

主要設備包括：
1. 走入式生長室
2. 高光照生長室
3. 單門、雙門植物生長箱
4. 網室及玻璃房溫室
5. 實驗植物攝影室
6. 高壓滅菌鍋

該設施位於中研院生科大道底新溫室大?及分子育種溫室，由農業生物科技研究中心匡麟芸研究助技師負責管理。

有關實驗植物核心溫室設施的使用規則、收費標準及聯繫方式，請參見
http://abrc.sinica.edu.tw/greenhouse/",學術,http://abrc.sinica.edu.tw/greenhouse/,中研院學術處
全院性核心設施,核酸定序設施,"核酸定序設施於2005年開放服務，並於2019年納入全院性核心設施計畫，主要服務中研院研究人員、國內大學及其他學術研究機構，提供以Sanger定序法分析特定核酸片段之序列服務。 

為確保定序結果之正確性，該核心設施選擇以Sanger定序法進行核酸定序分析，目前Sanger定序法是快速確認短片段 (<1Kbp) 基因序列之首選工具。 

設施服務由專職人員操作儀器分析樣品，具完善的收件管理系統、標準化實驗操作流程等，提供院內外學術單位高品質定序服務。每年不斷精進核酸序列實驗，導入新分析方法，期望減少因特殊核酸結構序列引起之無效判讀，提高有效報告之產出比例。 

主要服務專案包括： 
1.質體(plasmid)雙股DNA定序 
2.科斯質粒載體(plasmid) DNA定序 
3.聚合?連鎖反應 Polymerase chain reaction 產物 (PCR) DNA定序 
4.核酸定序實驗設計諮詢 

主要設備包括： 
1.ABI 3730xl DNA analyzer 核酸分析系統 
2.梯度型核酸擴增儀 

該設施位於中研院生物醫學研究所7樓N719室，由該研究所李福安研究助技師負責管理。 

有關核酸定序設施的使用規則、收費標準及聯繫方式，請參見https://www.ibms.sinica.edu.tw/support_dep/index21.html",學術,https://www.ibms.sinica.edu.tw/support_dep/index21.html,中研院學術處
全院性核心設施,生命科學電顯核心設施,"生命科學電顯核心設施原中研院細胞與個體生物學研究所自設設施，為支援該所同仁電顯技術相關服務及維持各項儀器的正常運作而設立，在2006年10月納入本院共用儀器設施，開放服務全院同仁。2019年加入全院性核心設施計畫，主要服務中研院研究人員、國內大學及民間企業研發人員。

主要服務專案包括：
1. 提供負染色、金屬投影、組織包埋、超薄切片、高壓冷凍固定及冷凍置換等樣品製備服務
2. 電子顯微攝像服務
3. 對於需要獨立期使用設施設備之使用者，提供一對一儀器教學服務
4. 電子顯微實驗設計諮詢服務

主要設備包括：
1. FEI Tecnai G2 F20 S-Twin 場發射穿透式電子顯微鏡
2. FEI Quanta 200 掃描式電子顯微鏡
3.生物樣品微波處理器
4.Leica 高壓冷凍及自動冷凍置換系統
5.超高真空鍍碳裝置暨輝光放電系統
6.超薄切片機

設施位於中研院細胞與個體生物學研究所1樓電鏡室，由該所林伯彥研究助技師負責管理。

有關生命科學電顯核心設施的使用規則、收費標準及聯繫方式，請參見
https://sl.icob.sinica.edu.tw/image-core/Core%20Facilities/Data/R140/r140.html#intr",學術,https://sl.icob.sinica.edu.tw/image-core/Core%20Facilities/Data/R140/r140.html#intr,中研院學術處
全院性核心設施,新世代基因體定序核心設施,"新世代基因體定序核心設施是2008年生物多樣性研究中心自設設施，為支持國家型生質能研究計劃的菌種定序而設立，之後在中研院核酸定序使用者委員會的推動下，於2014年5月開放服務全院同仁，並於2019年加入全院性核心設施計畫，主要服務中研院研究人員、國內大學及其他學術研究機構。

新世代基因體定序Next Generation Sequencing (NGS) 為目前全球廣泛使用的高通量核酸定序技術，以二代聚合?連鎖反應 Polymerase chain reaction (PCR) 放大訊號或三代單分子訊號進行大量平行定序，快速產出大量的FASTQ格式之儲存生物序列檔案。

主要服務專案包括：
1.DNA/RNA 樣品之品質測試 (QC) 
2.建置基因文庫Library construction、文庫品質測試Library QC
3.利用內參基因校準轉錄效果qPCR normalization
4.基因體定序Next Generation Sequencing (NGS)
5. NGS基因組定序實驗設計諮詢服務

主要設備包括：
1. Illumina HiSeq 2500高通?基因體分析系統
2. Illumina MiSeq基因體多功能分析系統
3. Illumina NextSeq 2000高通量基因體定序系統
4. PacBio Sequel system 三代定序儀
5. Oxford Nanopore GridION MK1三代單分子高通?基因體定序系統
6. 10x Genomics Chromium單細胞解析系統
7. Agilent BioAnalyzer 生化分析儀
8. Agilent Fragment Analyzer 生化分析儀
9. Agilent FEMTO Pulse Automated Pulsed-Field Capillary Electrophoresis 超微?自動化脈衝場毛細管電泳分析儀
10. M220 聚焦超聲儀
11. Sage Science BluePippin and ELF全自動DNA片段回收系統

設施位於中研院跨領域科技研究大樓 6樓A603室，由生物多樣性研究中心呂美曄研究技師負責管理。

有關新世代基因體定序核心設施的使用規則、收費標準及聯繫方式，請參見
http://ngs.biodiv.tw/NGSCore/",學術,http://ngs.biodiv.tw/NGSCore/,中研院學術處
全院性核心設施,神經科學核心實驗室,"神經科學核心實驗室2011年2月由中研院分子生物及生物醫學科學研究所合作設置，提供中研院研究人員神經科學研究新關技術服務，設施於2019年納入全院性核心設施計畫。

神經科學核心實驗室提供「電生理」及「影像」兩類型服務，神經電生理實驗室主要研究動物大腦、組織活體切片等樣品，並記錄各類電生理及影像訊號; 神經影像實驗室則提供神經影像的觀察及影像擷取服務。神經電生理實驗室亦開放院外學術單位申請，歡迎院內、院外學者多加利用。

主要服務專案包括：
1.組織切片的細胞外群體興奮性突觸後電位記錄 (Field-EPSPs recording)
2.平面微電極陣列記錄 (Multi-electrode fEPSP recording in hippocampal slices)
3.全細胞鉗膜記錄 (Whole-cell patch clamp recording)
4.鈣離子影像記錄 (Calcium imaging recording)
5.共軛焦顯微影像擷取、光刺激等影像分析實驗
6.電壓敏感染料的膜電位光學記錄 (Voltage-Sensitive Dye imaging recording)

主要設備包括：
1.電生?訊號記?平台搭配光?激光源系
2. ED64 微電極陣?記?系統
3. Zeiss倒立顯微鏡全細胞鉗膜記?平台
4. Zeiss observer.D1 鈣離子影像平台
5. Zeiss LSM880共軛焦顯微鏡(含Airyscan 及活體實驗功能)
6. MiCAM05 影像平台
7.震盪?片機 – D.S.K. microslicer DTK-1000
8.水平式?針器 SUTTER MODEL P-97 Pipette puller
9.玻璃電極?針器 – NARISHIGE PC-10
10.滲透壓檢測儀 Micro-Osmometer Model 3300 
11. IMARIS 影像軟體

該設施位於中研院跨領域科技研究大樓地下二樓 I-07室，由生物醫學科學研究所鄭信忠研究助技師及分子生物研究所研究助技師研究助技師共同負責管理。

有關神經科學核心實驗室的使用規則、收費標準及聯繫方式，請參見
http://npas.programs.sinica.edu.tw/npas_core_facility.html",學術,http://npas.programs.sinica.edu.tw/npas_core_facility.html,中研院學術處
全院性核心設施,轉殖植物核心實驗室,"轉殖植物核心實驗室於1998年7月開放服務，主要提供基因轉殖植物予中研院研究人員，並在2013年開放院外學術單位申請各項服務，包括轉殖植物的誘導、選育、繁殖成功轉殖種株等服務。 

主要服務專案包括： 
1. 8種植物之農桿菌轉殖服務 
2.提供植物基因轉殖實驗材料 
3.基因槍使用 
4.植物基因轉殖實驗設計諮詢服務及教育訓練課程 

主要設備包括： 
1.走入式生長箱 
2.桌上型基因槍BIO-RAD PDS-1000，手持式基因槍。 
3.指數波與方形波電穿孔儀 
4.螢光顯微鏡、解剖顯微鏡 
5.震盪式切片機，無菌操作台，滅菌鍋及植物組織培養相關設備 

該設施位於中研院生科大道底新溫室大樓2樓室，由農業生物科技研究中心匡麟芸研究助技師負責管理。 

有關轉殖植物核心實驗室的使用規則、收費標準及聯繫方式，請參見 
http://abrc.sinica.edu.tw/transplant/",學術,http://abrc.sinica.edu.tw/transplant/,中研院學術處
進駐生醫轉譯研究中心非專屬核心設施計畫申請,非專屬核心設施,"位於國家生技研究園區生醫轉譯研究中心之核心設施的設置目標為提供進駐廠商及國內學術、研究與產業之研究者進行疾病預防、檢測、診斷及治療等生醫轉譯研發所需之高階儀器、設備及技術服務，以加速國內創新性精準醫療、醫材、新藥(小分子化合物、植物藥、蛋白質藥物、抗體藥物等)之轉譯研究及臨床前驗證(research proof-of-concept)時程，並順利進入人體臨床試驗(IND-enabling studies)階段，以提升台灣生醫產業之國際競爭力及產出。 

依據生醫轉譯研究中心核心設施之特性，可再區分為「專屬核心設施」及「非專屬核心設施」。自111年度起，非專屬核心設施由學術及儀器事務處邀請提出設施計畫申請，並比照全院性核心設施之相關期程及作業方式管理。 

本設施計畫為維運型的計畫，審查重點在於該設施對國家生技研究園區發展及本院生醫轉譯研究之必要性、其營運規劃之周詳、過去與預期服務績效，以及補助經費額度需求有否建立在合理的收支及營運模式，以達成設施營運自給自足之長期目標。 

申請人應在申請書中提供有關計畫執行的詳細計畫，包括可提供的儀器設備、服務內容及收費價格，以及使用和預約設備的程序及規則。申請人還應提供一個有關使用共用設施的預期效益及貢獻的計畫，並描述共用設施的現有使用情況及運作狀況。 

申請人應該提供評估計畫進度及成果的方法及標準，以及預期的貢獻及應用價值。申請人還應討論共用設施的擴展及更新，以確保其符合研究需要及技術發展。 

本計畫每期的計畫期限為1到5年。在計畫期滿前的最後1年，申請人可以提交下一期計畫的申請書，以延續計畫的進行。 

本計畫之申請文件應包含： 
1)計畫書及計畫書所需附件。 
2)個人履歷資料及近年主要著作目錄。",學術,,中研院學術處
進駐生醫轉譯研究中心非專屬核心設施,藥物合成及分析核心設施,"藥物合成及分析主題核心設施之設置目的，係以高階技術協助解決藥物研發相關合成及分析問題，並由3大單元構成，包含核磁共振核心設施、質譜核心設施與化學及藥物合成，另提供生物核心分析儀器使用服務。

藥物合成及分析主題核心設施與中研院生醫轉譯研究中心創服育成中心共同設置之核磁共振及質譜分析核心設施單元，以中研院在小分子定性定量及結構生物學之厚植實力及豐富經驗，提供高精密與高解析度之各式結構鑑定及定量分析服務，協助進駐生醫轉譯研究中心團隊、進駐廠商及國內生醫產業開發大小分子藥物所需之各式分析。

藥物合成及分析主題核心設施之化學及藥物合成單元，則是利用高階化學合成技術，提供不對稱合成、新型藥物代謝中間體合成、小分子與生物製劑偶連、標準樣品合成、可量化合成途徑規劃、新穎合成途徑規劃及合成技術諮詢等服務，以最有效率方式完成新藥開發及量化相關客制化專案服務。

未來預期將帶動國內生技產業藥物品質並提高研發能量，與國家生技研究園區動物及分子影像技術支援平台及中研院高磁場實驗室形成NMR及MRI相關研發聚落，從小分子合成到大分子結構分析，涵蓋至動物及分子影像，提供生技廠商一站式專業服務及諮詢。

有關各項單元之介紹、使用規則、收費標準及聯繫方式，請參見
核磁共振：https://biotrec.sinica.edu.tw/pages/2115
質譜分析：https://biotrec.sinica.edu.tw/pages/2116
化學及藥物合成：https://biotrec.sinica.edu.tw/pages/2118",學術,https://biotrec.sinica.edu.tw/posts/135856,中研院學術處
進駐生醫轉譯研究中心非專屬核心設施,人類治療性抗體研發平台,"人類抗體擁有高度專一性、中和性、低免疫排斥力及低副作用等特點，已成功的運用於癌症、自體免疫疾病與感染性疾病的臨床治療，是全世界新藥開發的主要趨勢。
人類治療性抗體研發平台之設置宗旨為協助生技界開發具潛力之抗體，加速新穎抗體藥物進入轉譯驗證及臨床試驗，創造新藥產業利基。人類治療性抗體研發平台已成功地建構噬菌體顯現人類天然(na?ve)抗體庫，包含超過6百億株的人類抗體，並透過定序分析超過500株抗體片段之DNA，驗證抗體之非重複性與多樣性。
主要服務項目包括：
1.噬菌體顯現抗體庫篩選製備人類抗體 
2.小鼠融合瘤技術製備單株抗體
3.抗體B細胞抗原決定位之鑑定
4.抗體變異區序列之鑑定
5.小鼠單株抗體之人類化
6.抗體親和力成熟化
7.小鼠腹水之抗體生產、純化 
8.人類或人鼠嵌合抗體表現載體之建構
9.融合瘤細胞培養
10.B細胞培養、分選技術
11.使用GH (Generic Human)抗體庫針對特定抗原之抗體開發
12.客製化服務

主要設備包括：
1.流式細胞儀
2.高效能細胞分選儀
3.FPLC層析儀
4.高壓破菌儀

有關設施之介紹、使用規則、收費標準及聯繫方式，請參見https://biotrec.sinica.edu.tw/pages/2091",學術,https://biotrec.sinica.edu.tw/pages/2091,中研院學術處
進駐生醫轉譯研究中心非專屬核心設施,臺灣小鼠診所,"臺灣小鼠診所(Taiwan Mouse Clinic, TMC)是由國家科學及技術委員會生技醫藥核心設施平台及中研院生醫轉譯研究中心核心設施服務營運計畫共同補助的核心設施，目標為提供先進與多元化的表現型分析服務，及建立各式樣藥物安全性及藥效評估的標準化及客制化套裝服務，以協助學研界與產業界新藥之開發。

本設施可分為「動物設施」及「表現型暨藥效分析」兩大部分。
動物設施負責代養進行表現型鑑定、新藥藥物開發與動物影像試驗分析之小鼠，提供基礎實驗操作空間與設備、humanized gut microbiota mice for new drug development和小鼠淨化服務。
表現型暨藥效分析提供國內外生物醫學藥物研究人員，小動物6大類高科技表現型鑑定技術，包括神經科學、心血管疾病、病理研究、生理代謝、生物影像及免疫反應等實驗，並協助藥效分析及藥物安全性檢測，促進以小動物作為研究人類疾病模式與藥物開發等各項研究。
有關設施之介紹、使用規則、收費標準及聯繫方式，請參見https://biotrec.sinica.edu.tw/posts/135922",學術,https://biotrec.sinica.edu.tw/posts/135922,中研院學術處
進駐生醫轉譯研究中心非專屬核心設施,動物影像設施,"動物影像設施致力於提供最先進的核磁共振與電腦斷層掃描的技術支持，包括實驗設計、目標技術開發、影像數據分析，及相關的生物醫學應用研究等。動物影像設施的目標是藉由先進的影像技術及研究，提供產學界之生技研發、藥物開發和轉譯研究等服務協助，藉以帶動台灣生醫產業發展，放眼國際。

主要服務項目包括：
1.客製化MRI/micro-CT影像服務
2.客製化動物模型與各項客製化評估包套服務
3.專業影像判讀與特殊影像後處理服務
4.非活體掃描服務
5.全方位動物實驗諮詢、規劃與實驗設計

主要設備包括：
1.小動物核磁共振造影系統
2.微型電腦斷層掃描儀
3.超高解析度小動物活體斷層掃描儀

有關設施之介紹、使用規則、收費標準及聯繫方式，請參見https://biotrec.sinica.edu.tw/pages/2136",學術,https://biotrec.sinica.edu.tw/pages/2136,
中研院學術處全院性核心設施,流式細胞分選設施,"流式細胞分選設施 Flow Cytometric Cell Sorting Core Facility原是中研院生物醫學科學研究所自設設施，2006年11月開放全院服務，2019年加入全院性核心設施計畫，主要服務中研院研究人員、國內大學及其他學術研究機構。

設施配置有3台不同技術規格、特色功能的流式細胞分選儀，提供非感染性動物細胞之無菌分選服務。流式細胞分選技術(Fluorescence-activated cell sorting)藉由將特定細胞物質以螢光標定，透過辨識螢光強度將特定螢光表現量的細胞群純化出來，分選後特定細胞族群之純度可高達98%。純化後細胞樣品可繼續培養或後續針對該細胞族群進行功能性分析，如核酸分析、蛋白質定量分析、影像分析或注射至活體內進行功能性觀察。

主要服務專案包括：
1.非感染性動物細胞之無菌分選 
2.使用者可參加部分流式細胞分析儀操作訓練課程，合格後者可預約儀器自行操作
3.不定期辦理各項儀器之教育訓練
4.各項流式細胞分選實驗設計諮詢服務

主要設備包括：
1. Becton Dickinson FACSAria IIIu 超高速四向流式細胞分選儀
2. Becton Dickinson FACSJazz 流式細胞分選儀
3. Cytek Aurora CS 高參數流式細胞分選系統

該設施位於中研院生物醫學科學研究所7樓N720實驗室，由該研究所李福安研究助技師負責管理。

有關流式細胞分選設施的使用規則、收費標準及聯繫方式，請參見
https://www.ibms.sinica.edu.tw/support_dep/index22.html",學術,https://www.ibms.sinica.edu.tw/support_dep/index22.html,中研院學術處
全院性核心設施,綜合型流式細胞儀實驗室,"綜合型流式細胞儀實驗室 Comprehensive Flow Cytometry Laboratory原是中研院植物暨微生物學研究所自設設施，於2010年4月開放全院服務。2020年加入全院性核心設施計畫，主要服務中研院研究人員、國內大學及其他學術研究機構。

設施配置有2台不同技術規格、特色功能的流式細胞分選儀，提供病毒、細菌、藻類、植物與動物細胞之分析及分選服務。流式細胞分選技術(Fluorescence-activated cell sorting)藉由將特定細胞物質以螢光標定，透過辨識螢光強度將特定螢光表現量的細胞群純化出來，分選後特定細胞族群之純度可高達98%。純化後細胞樣品可繼續培養或後續針對該細胞族群進行功能性分析，如核酸分析、蛋白質定量分析、影像分析或注射至活體內進行功能性觀察。

主要服務專案包括：
1. 病毒、細菌、藻類、植物與動物細胞之分析及分選
2. DNA與細胞週期分析
3. 多色螢光分析
4. 稀有或特定族群四向分選
5. 使用者可參加操作訓練課程，合格後者可預約流式細胞分析儀自行操作
6. 不定期辦理各項儀器之教育訓練
7. 各項流式細胞分選實驗設計諮詢服務

主要設備包括：
1. Beckman Coulter MoFlo XDP 超高速流式細胞儀
2. UNION BIOMETRICA 大顆粒多功能自動收集分類系統
3. 流式細胞分析儀2台

該設施位於中研院植物暨微生物學研究所1樓R114實驗室，由該研究所曾于芳專案研究人員負責管理。

有關綜合型流式細胞儀實驗室的使用規則、收費標準及聯繫方式，請參見
https://ipmbfcass.jimdo.com/",學術,https://ipmbfcass.jimdo.com/,中研院學術處
全院性核心設施,冷凍電顯設施,"冷凍電顯設施第1台應用於冷凍電顯之穿透式電子顯微鏡 (Transmission electron microscope, TEM) 儀器於2009年4月由中研院化學研究所規劃購置，并開放全院服務。跨領域科技研究大樓地下2樓冷凍電顯設施空間於2011年由分子生物研究所廖彥銓研究員協助規劃，并於2011年6月購置第2台TEM儀器，暫置於細胞與個體生物學研究所地下1樓實驗室空間。跨領域科技研究大樓冷凍電顯設施空間竣工完成後，第2台TEM先搬遷進駐，隨後於2018年購置2台高階冷凍電子顯微鏡。2019年部分人員及維運經費納入全院性核心設施計畫，主要服務中研院研究人員、國內大學及其他學術研究機構。

單粒子冷凍電鏡技術 (Single Particle Analysis, SPA) 是將生物大分子快速冷凍后，在低溫下利用透射電子顯微鏡對結構均一、分散的全同樣品顆粒進行成像，再經影像處理及重構計算獲得樣品的三維結構。該技術可研究生物大分子在溶液中的結構及構象變化，無需結晶，所需樣品量相對較少，適合於蛋白質、病毒等生物大分子及其複合物的結構生物學研究。

主要服務專案包括：
1.蛋白質巨分子單粒子結構分析 (Single Particle Analysis, SPA)
2.冷凍電子斷層攝影 (Electron Cryo-Tomography, ECT) 研究諮詢
3.服務流程從生物分子單顆粒樣品製備、樣品玻璃化冷凍固定、樣品篩選和收集單顆粒物影像及使用三維重構計算軟體
4.儀器使用依研究進程循序漸進運用中階到高階TEM儀器
5.SPA研究服務與技術諮詢

主要設備包括：
1.120 keV 高對比型穿透式電子顯微鏡 (JEOL JEM-1400)
2.200 keV 場發射槍穿透式電子顯微鏡 (FEI Tecnai G2 F20 TWIN)
3.200 keV 高階冷凍電子顯微鏡 (FEI Talos Arctica)
4.300 keV 高階全自動冷凍電子顯微鏡 (FEI Titan Krios)
5.Vitrobot 冷凍電鏡樣品製備裝置

該設施位於中研院跨領域科技研究大樓地下2樓 I-14實驗室，由生物化學研究所張淵智研究助技師負責管理。

有關冷凍電顯設施的使用規則、收費標準及聯繫方式，請參見
http://cryoem.ibc.sinica.edu.tw/index-C.php",學術,http://cryoem.ibc.sinica.edu.tw/index-C.php,中研院學術處
全院性核心設施,蛋白體與蛋白修飾分析公用質譜儀設施,"蛋白體與蛋白修飾分析公用質譜儀設施原是生物化學研究所自設設施，在中研院質譜儀使用者委員會的推動下，於2008年5月納入本院共用儀器設施，開放服務全院。2019年加入全院性核心設施計畫，主要服務中研院研究人員、國內大學及其他學術研究機構。

設施目前配備多台不同類型質譜儀，用以對不同的樣品進行質譜分析，主要針對蛋白質或胜?樣品進行蛋白質體分析，其應用範圍包含蛋白質鑑定、蛋白質轉譯後修飾的分析，以及蛋白質的定量等。

主要服務專案包括：
1. 蛋白質身份鑑定服務 - Protein Identification
2. 蛋白質轉譯後修飾分析服務 - Post-Translational Modification
3. 高流量蛋白質定量服務 - Quantitative Proteomic Analysis
4. 提供蛋白質鑑定分析軟體，如Mascot、MaxQuant、Proteome Discoverer供使用者分析送測產出之質譜數據
5. 以合作方式提供從樣品製備送測到質譜數據分析之客製服務
6. 定期辦理前處理方法及基礎質譜數據分析軟體實作的培訓課程

主要設備包括：
1.Thermo LTQ-Orbitrap Velos質譜儀
2. Thermo LTQ-Orbitrap Elite質譜儀
3. Thermo Orbitrap Fusion Tribrid質譜儀
4. Thermo Orbitrap Fusion Lumos Tribrid 質譜儀 
5. Waters Synapt G2 High Definition 質譜儀

該設施位於中研院生物化學研究所4樓401實驗室，由該所林淑妤研究副技師負責管理。

有關蛋白體與蛋白修飾分析公用質譜儀設施的使用規則、收費標準及聯繫方式，請參見
https://sites.google.com/view/ascmsf/",學術,https://sites.google.com/view/ascmsf/,中研院學術處
全院性核心設施,高磁場核磁共振中心,"高磁場核磁共振中心（High Field Nuclear Magnetic Resonance Center）於2002年在行政院國家科學及技術委員會（國科會）的「基因體醫學國家型科技計畫之核心設施」的支援下，由黃太煌研究員設立。2011年後，該中心併入國科會生技類核心設施「蛋白質結構分析核心設施」，繼續提供服務。2015年5月，中研院共用儀器設施納入該中心，開放全院同仁使用。2019年，該中心加入全院性核心設施計畫，主要服務對象包括中研院研究人員、國內大學及其他學術研究機構。

核磁共振現象（Nuclear Magnetic Resonance, NMR）是指當外加的電磁波頻率和原子核旋轉速度相同時，原子核會吸收電磁波能量的現象。這是由於自然界存在的同位素中有一半的原子核具有核子自旋的性質，它們就像小磁針，在磁場下會繞著磁場旋轉。核磁共振技術除了用於鑑定小分子結構外，也成為研究基因體和藥物結構的主要技術之一。

主要服務專案包括：
1.自行操作或由設施人員代測
2. 小分子圖譜代測
3. 大分子圖譜代測
4. 核磁共振片段篩選（Fragment-based Screening）
5.以合作模式由設施成員參與實驗設計，數據分析，結構計算或結果分析及解釋等客製化服務

主要設備包括：
1. 500MHz 核磁共振儀1組 (含低溫探頭) 
2. 600MHz 核磁共振儀3組 (含2組低溫探頭) 
3. 800MHz 核磁共振儀1組 (含低溫探頭)
4. 850MHz 核磁共振儀1組 (含低溫探頭)
5. 提供核磁共振相關技術諮詢服務

該設施位於中研院生物醫學科學研究所地下2樓NMR實驗室，由基因體研究中心張七鳳研究技師負責管理。

有關高磁場核磁共振中心的使用規則、收費標準及聯繫方式，請參見
https://www.nmr.sinica.edu.tw/",學術,https://www.nmr.sinica.edu.tw/,中研院學術處
全院性核心設施,整合型蛋白質結構與功能分析核心設施,"整合型蛋白質結構與功能分析核心設施於2020年加入全院性核心設施計畫，主要為中研院研究人員、國內大學以及其他學術研究機構提供服務。

蛋白質晶體學研究利用X射線單晶繞射分析技術來解析蛋白質的三維結構。該過程包括蛋白質樣品純化、結晶、X射線繞射、結構解析以及功能解釋等步驟，需要涉及生物物理學、生物化學、結構化學、凝聚物理學、物理化學和計算機等多學科知識，是一個典型的跨領域學科。

蛋白質晶體結構分析的步驟概述如下：
1.製備蛋白質晶體
2.收集X射線繞射數據
3.數據計算
4.解決相位問題
5.獲得電子密度圖
6.建立分子結構模型

主要服務專案包括：
1.基本服務，如自動點晶篩選、結晶條件優化、X射線繞射數據收集、蛋白質結構決定和驗證等。
2.蛋白質品質分析套裝服務，包括分析蛋白質的溫度適應性、pH值適應性和是否存在二硫鍵等物理化學特性。
3.整合型服務，從純化的蛋白質到晶體結構驗證的一站式服務。
4.提供單晶X射線繞射技術（X-ray diffraction, XRD）來鑑定蛋白質分子結構。同時，透過合作方式，使用者可以獲得其他國內設施的服務，以進一步分析蛋白質結構。
5.提供使用者完整的蛋白質結構與功能表徵資訊，以及相關技術諮詢。

該核心設施的主要設備包括：
1.Protein QC Basic Package 蛋白質品質分析基本型
2.Protein QC Deluxe Package 蛋白質品質分析豪華型
3.Protein QC SEC-MALS only 粒徑篩層析多角度散射分析系統
4.AF4-MALS 不對稱流場場流系統
5.Analytical SEC column 分析級分子篩層析管柱
6.CD J815 圓二色光譜儀
7.LightCycler 480 II 定量即時聚合?鏈鎖反應儀
8.UV/VIS V630 Bio 紫外光-可見光分光光度計

該設施位於中研院生物化學研究所4樓401室，由該所徐尚德研究員負責管理。

有關整合型蛋白質結構與功能分析核心設施的使用規則、收費標準及聯繫方式，請參見
http://aspc.ibc.sinica.edu.tw/index.php",學術,http://aspc.ibc.sinica.edu.tw/index.php,中研院學術處
全院性核心設施,代謝體核心設施,"植物暨微生物學研究所與農業生物科技研究中心於2010年1月合作設立了代謝體核心設施，並於2019年加入全院性核心設施計畫，主要為中研院研究人員、國內大學以及其他學術研究機構提供服務。

代謝體學研究的目標是全面、動態地呈現生物體中所有小分子代謝物。該研究通常分為三個階段進行：小分子代謝物分析、統計分析以及資料解讀與應用。該設施主要利用液相層析質譜分析技術獲取質譜數據，包括質譜型、種類和濃度，並通過多變量統計分析，與人類代謝體數據庫（如Human Metabolome Database, HMDB）或自行建立的資料庫進行比對。這些分析旨在全面分析生物樣本中的所有代謝物表現，並進一步尋找特徵代謝分子。

該核心設施的主要服務專案包括：
1.特定代謝物及其相關代謝產物的定性和定量分析。
2.非標靶式代謝體分析，包括代謝組學分析、標記物鑑定和代謝流分析。
3.未知物身份鑑定。
4.代謝體學研究實驗設計諮詢服務。

該核心設施的主要設備包括：
1.Tribrid質譜儀（Orbitrap Fusion Lumos, Thermo Scientific）
2.混合離子阱-Orbitrap質譜儀（Orbitrap Elite, Thermo Scientific）
3.雙壓力離子阱質譜儀（Velos Pro, Thermo Scientific）
4.進樣系統：3組超高效液相層析儀和1組奈米流高解析度高效液相層析儀。

該設施位於中研院農業科技大樓5樓A523實驗室，由該中心陳逸然副研究員負責管理。

有關代謝體核心設施施的使用規則、收費標準及聯繫方式，請參見
http://msomics.abrc.sinica.edu.tw/ASMCF/",學術,http://msomics.abrc.sinica.edu.tw/ASMCF/,
全院性核心設施,小分子結構鑑定質譜核心設施,"小分子結構鑑定質譜核心設施原是化學研究所自設設施，於1997年11月納入中研院共用儀器設施，並於2019年加入全院性核心設施計畫，主要服務中研院及國內合作學校的研究人員。

該設施目前配備多台不同類型的質譜儀，用於對不同樣品進行質譜分析，主要針對各種有機或無機化合物，包括化學合成、天然產物和代謝產物等，進行高低分辨測試和圖譜解析，提供精確的分子量測量，協助研究人員鑑定化合物的分子結構，以及相關定量分析的服務。

該核心設施的主要服務專案包括：
1.低解析度質譜分析 
2.高解析度質譜分析
3.胜?樣品質譜分析
4.非共價鍵結化合物質譜分析
5.有機或無機化合物質譜分析技術諮詢服務
6.以合作方式提供從樣品製備送測到質譜數據分析之客製服務

該核心設施的主要設備包括：
1. 液相層析電灑法飛行式質譜儀
2. 高解析磁場式質譜儀
3. 離子淌度/四極柱飛行時間多段式串聯譜儀
4. 材料影像分析質譜儀

該設施位於中研院化學研究所2樓質譜服務中心，由該所曾美郡研究技師負責管理。

有關小分子結構鑑定質譜核心設施的使用規則、收費標準及聯繫方式，請參見
http://140.109.88.72/mass/",學術,http://140.109.88.72/mass/,中研院學術處
全院性核心設施,腺相關病毒載體核心設施,"腺相關病毒載體核心設施是中研院生物醫學科學研究所的一個專題研究室，致力於腺病毒載體的製備工作已超過20年。該研究團隊開發了高效的腺病毒製備方法，能夠提高包裹腺病毒載體的成功率並實現大量複製。 

腺病毒載體是一種常用的基因轉染工具，具有多項基因傳遞特點。它可以在細胞實驗和動物實驗中應用廣泛，並能有效感染不同器官的細胞。腺病毒載體可以調控基因表達水準，並且不會嵌入細胞染色體，因此不會改變染色體結構。此外，它還能同時感染多個不同的基因，並具有不同的表達時間範圍。 

腺相關病毒核心設施的成立目的是為國內實驗室提供高品質且價格合理的定制腺相關病毒菌株。該設施擁有超過20年大量生產純化腺病毒的經驗，提供14種血清型的腺相關病毒菌株，以及帶有不同啟動子或報告基因的表達質粒。 
該核心設施主要提供以下服務專案： 
1.腺病毒載體包裝：將客戶提供的基因質粒包裝到腺病毒載體中，提供高效的基因傳遞工具。 
2.單一溶菌斑分離及培養病毒：進行單一溶菌斑的分離，並培養出純粹的腺病毒。 
3.大量複製病毒：進行大規模的腺病毒複製，以獲得足夠的病毒量進行後續實驗。 
4.相對小量複製病毒：進行相對較小規模的腺病毒複製，以滿足較小量的需求。 
5.細胞溶解物：提供細胞溶解物，即粗製的細胞內含有腺病毒的液體，供客戶使用。 
6.提供常用已純化病毒菌株材料：提供已純化的控制和常用的腺病毒菌株材料，每份50微升。 
7.腺相關病毒質粒構建設計諮詢服務：幫助客戶設計符合其研究需求的質粒。 

腺相關病毒核心設施的服務旨在支援中研院的研究人員、國內大學以及其他學術研究機構，為他們的科研工作提供必要的腺相關病毒製備服務。該設施位於中研院生物醫學科學研究所2樓205B室，由該所陶秘華研究員負責管理。 

有關腺相關病毒載體核心設施的使用規則、收費標準及聯繫方式，請參見 
https://www.ibms.sinica.edu.tw/aav/index.html",學術,https://www.ibms.sinica.edu.tw/aav/index.html,中研院學術處
全院性核心設施,高階光學顯微鏡核心設施,"高階光學顯微鏡核心設施於2008年3月由農業生物科技研究中心協助成立，並於2019年加入全院性核心設施計畫。該設施主要為中研院的研究人員、國內大學以及其他學術研究機構提供服務。 

該設施目前配備了2台不同類型的共軛焦顯微鏡，用於對不同樣品進行攝像分析。其中，LSM780共軛焦顯微鏡能夠提供螢光樣本的清晰影像，並去除非焦面的雜光。超高解析度顯微鏡ELYRA S1模組則適用於構造化照明顯微術 (Structure illumination microscope, SIM)，能夠提供超越光學極限的解析度，方便觀察小於200奈米的組織結構。轉盤式共軛焦顯微鏡具有高擷取速度和低光毒性螢光激發的特點，適合拍攝快速活體動態。 

主要的服務專案包括： 
1.委託操作：使用者可以委託操作設施中的顯微鏡，由專業人員執行實驗和影像攝取等服務。 
2.經管理人教學，並進行操作資格的認證。通過認證後，使用者可以預約時間自行操作顯微鏡設備。 
3.視院內需求辦理教學訓練與資格認證：根據院內需求，設施將提供顯微鏡的教學訓練和操作資格認證。 

主要設備包括： 
1.超高解析度共軛焦顯微鏡 (Zeiss LSM780 ELYRA S1) 
2.轉盤式共軛焦顯微鏡及細胞培養系統 (Andor Dragonfly) 

該設施位於中研院農業生物科技研究中心2樓A228 室，由該中心孫德芬副研究員負責管理。 

有關高階光學顯微鏡核心設施的使用規則、收費標準及聯繫方式，請參見 
https://abrc.sinica.edu.tw/icm/",學術,https://abrc.sinica.edu.tw/icm/,
全院性核心設施,大數據分析與科學計算核心設施,"大數據分析與科學計算核心設施原本是物理研究所高能物理與科學計算中心的研發團隊。該設施在2023年加入全院性核心設施計畫，整合了中研院物理研究所、天文及天文物理研究所、地球科學研究所和冷凍電顯設施的運算資源，協助支援這些研究團隊的大數據分析和科學計算工作，提升研究效能，并開放服務給中研院內的其他同仁使用。 

該核心設施提供科學運算服務平台，其中包括運算服務和資料儲存服務。科學運算服務平台主要使用SLURM和DiCOSApp兩種高效能運算技術，使用者可以根據其科學運算軟體、使用方式和效能需求來選擇適合的運算服務。資料儲存服務提供長期資料儲存備份和不同的存取方式。 

主要的服務專案包括： 
1.科學計算和大數據分析的計算服務：提供運算資源和支援科學計算和大數據分析工作的計算服務。 
2.資料儲存和擷取服務：提供長期資料儲存備份和不同的資料存取方式。 
3.協助合作團隊維運系統、開發軟體、系統或使用介面：提供支援協助合作團隊維護系統、開發軟體、系統或使用介面的服務。 
4.資料傳輸服務：提供資料傳輸服務，以支援大數據分析和科學計算中的資料傳輸需求。 
5.DiCOSBox個人化雲端儲存：提供個人化雲端儲存服務，供使用者儲存和管理個人資料。 
6.科學計算和大數據分析相關應用諮詢：提供科學計算和大數據分析相關應用的諮詢服務，協助使用者解決相關問題和優化工作流程。 

主要設備包括： 
1.CPU和GPU計算叢集：用於執行科學計算和大數據分析工作的計算叢集。 
2.儲存和檔案系統：用於長期資料儲存和擷取的儲存和檔案系統。 
3.網路基礎架構：提供網路連接和通訊的基礎架構。 
4.資料中心：用於託管和管理核心設施的資料中心。 

該設施位於中研院物理研究所C區電腦機房，由該所嚴漢偉研究技師負責管理。 

有關大數據分析與科學計算核心設施的使用規則、收費標準及聯繫方式，請參見 
http://scale.grid.sinica.edu.tw",學術,http://scale.grid.sinica.edu.tw,中研院學術處
全院性核心設施,貝索層光顯微鏡核心設施,"貝索層光顯微鏡核心設施是在2019年開始接受全院性核心設施及新創儀器計畫的部分經費補助，其主要目標是研發層光顯微鏡技術。在2022年轉型成全院性核心設施後，該設施提供大型組織樣本的透化螢光掃描服務，主要面向中研院研究人員、國內大學和其他學術研究機構。 

這個核心設施專注於組織透化技術的研發，使激發光能夠深入組織內部。透過結合貝索層光顯微鏡技術，該設施能夠對完整的鼠腦或與之大小相當的器官組織進行立體掃描，提供使用者進行全腦/全器官螢光顯微影像擷取的工具。由於高解析度的全腦影像在影像處理和數據分析方面具有全新的挑戰，該設施將持續開發處理大量影像的技術，優化資料處理流程，使使用者能夠獲得傳統顯微鏡難以達到的新維度和高解析度的全器官螢光顯微影像。 

主要設備包括： 
1.BLX-2貝索層光顯微鏡（Bessel Lightsheet Xcope）：用於層光顯微影像的獲取和掃描。 
2.層光顯微鏡（Zeiss Lightsheet Z.1）：用於層光顯微影像的獲取和掃描。 
3.組織樣品透化處理設備：用於處理組織樣品進行透化，使其能夠更好地接受光學顯微影像的掃描。 

該設施位於中研院跨領域科技研究大樓6樓B608室，由應用科學研究中心陳壁彰副研究員負責管理。 

有關貝索層光顯微鏡核心設施的使用規則、收費標準及聯繫方式，請參見 
https://cbcgroup1.wixsite.com/lightsheetcore",學術,https://cbcgroup1.wixsite.com/lightsheetcore,中研院學術處
全院性核心設施,資料科學統計合作社,"資料科學統計合作社是於2019年加入全院性核心設施計畫的一部分，主要提供服務給中研院研究人員、國內大學、其他學術研究機構以及產業界中需要統計學的人員。 

資料科學統計合作社的成立宗旨在於為學界和業界提供專業的統計和資料科學諮詢服務。其服務內容涵蓋研究和實驗方法的設計以及各種類型數據的處理和分析。透過統計合作社的方式，希望能夠提供統計和資料科學的專業服務，加速各個領域的研究和發展。同時，該合作社也致力於建立一個合作平台，推廣統計和資料科學在各個領域的應用。 

主要服務專案包括： 
1.統計方法諮詢與實驗設計：提供統計方法的諮詢服務，協助研究人員和產業界的專業人士在研究和實驗設計方面做出明智的決策。 
2.統計資料前處理：協助處理各種類型的數據，包括數據清洗、數據轉換和數據整合，以確保數據的準確性和可用性。 
3.資料分析：進行各種統計和資料科學技術的數據分析，包括描述統計分析、推論統計分析、機器學習等，以獲取有價值的結論和洞察。 
4.統計分析整合服務：整合不同的統計分析方法和技術，以滿足特定研究或問題的需求，提供全面的統計分析解決方案。 

該設施位於中研院統計科學研究所大樓401室，由該所張源俊研究員負責管理。 

有關資料科學統計合作社的使用規則、收費標準及聯繫方式，請參見 
http://disc.stat.sinica.edu.tw/",學術,http://disc.stat.sinica.edu.tw/,中研院學術處
全院性核心設施,醣科學核心設施,"醣科學核心設施於2023年加入全院性核心設施計畫，主要為中研院研究人員、國內大學及其他學術研究機構提供醣分析相關的一站式服務。 

該核心設施整合了原屬基因體研究中心和生物化學研究所的設備和人力資源，旨在為院內同仁進入醣科學領域提供全方位的醣分析服務。該設施提供的服務範圍包括前端技術諮詢、樣品收件代測、樣品前處理以及醣組成和醣結構分析。若核心設施無法提供相關服務，將轉介至院內外其他醣分析設施，以提供完整的醣分析解決方案。 

主要的服務專案包括： 
1.質譜醣分析：提供聚醣、醣脂、醣蛋白和單醣組成的分析，利用質譜儀器進行醣分析。 
2.醣晶片分析：提供固定醣陣列組合的晶片，用於醣的分析。 
3.凝集素受體平台：提供定製化的凝集素受體蛋白組合，用於特定的凝集素分析。 
4.凝集素晶片平台：提供定製化的陣列組合晶片，客製化植物凝集素或人類半乳糖凝集素的分析。 

主要的設備包括： 
1.Thermo PolarisQ質譜儀 
2.Thermo LTQ-FT Ultra質譜儀 
3.Thermo Orbitrap Fusion質譜儀 
4.Bruker MALDI-TOF UltraFlexII質譜儀 
5.Waters Cyclic IMS質譜儀 
6.4000QTrap質譜儀 
7.晶片掃描機 (GenePixR4300A) 
8.離子層析搭配脈衝安培偵測器 (Dionex HPAEC-PAD) 
9.極致效能液相層析儀搭配螢光檢測器(Waters Acquity UPLC H-class) 
10.凝集素晶片分析儀 (GlycoTechnica GlycoStation Reader) 

這些儀器和設備能夠支援各種醣分析的需求，從質譜分析到晶片分析和液相層析等技術，為研究人員提供完善的醣分析平台。 

該設施位於中研院基因體研究中心2L12、7L08、8L02實驗室及生物化學研究所R402實驗室，由基因體研究中心徐翠玲研究副技師負責管理。 

有關醣科學核心設施的使用規則、收費標準及聯繫方式，請參見 
https://sites.google.com/view/glycoascore",學術,https://sites.google.com/view/glycoascore,中研院學術處
全院性核心設施,發炎反應核心系統設施,"發炎反應核心系統設施於2019年加入全院性核心設施計畫，主要為中研院、國內大學、其他學術研究機構和國內產業界提供服務。 

該核心設施專注於宿主對病原體和炎症反應的複雜生物學和免疫學途徑的基因解析。他們提供不同小鼠模型，這些模型與人類自身免疫性疾病和炎症性疾病相關，並提供最先進的基礎研究工具和專業支持，包括實驗設計和宿主反應分析。 

主要的服務專案包括： 
1.多重偵測系統 (Multi-Plex Immunoassay System)：用於測量患者檢體中的發炎因子表現量，這是一種同時測量多個指標的技術。 
2.免疫組織化學染色法 (Immunohistochemistry Staining)：用於幫助分析檢體中的免疫細胞，這種染色技術可以檢測和可視化特定蛋白質在組織樣本中的表達。 
3.小鼠皮膚疾病模式建立：協助合作實驗室建立小鼠皮膚疾病模式，如接觸性皮炎、特應性皮炎、乾癬等模式小鼠，用於研究相關的炎症反應。 
4.醣結合蛋白分析：提供分析醣結合蛋白的相關服務，這些蛋白質在發炎反應中扮演重要角色。 

主要的設備包括： 
1.懸浮陣列磁珠清洗系統：用於樣本處理和分離，以便進行後續的分析。 
2.高通量複合式分子偵測平台：可同時偵測多個分子的高通量分析平台，用於檢測和量化發炎相關的指標。 
3.96爪微量盤多功能清洗機：用於對微量盤進行洗滌和處理，以確保實驗的準確性和可靠性。 

該設施位於中研院生物醫學科學研究所4樓N431實驗室，由該所陳煥源研究副技師負責管理。 

有關發炎反應核心系統設施的使用規則、收費標準及聯繫方式，請參見 
http://www.ibms.sinica.edu.tw/inflammation_core_facility/index.html",學術,http://www.ibms.sinica.edu.tw/inflammation_core_facility/index.html,中研院學術處
全院性核心設施,X光繞射材料分析實驗室,"X光繞射材料分析實驗室是支持物理研究所同仁研究固態晶體材料、粉末晶體或薄膜材料的物理化學特性的設施。該實驗室於2008年納入中研院的共用儀器設施，並於2023年加入全院性核心設施計畫，開放服務中研院研究人員、國內大學及其他學術研究機構。

X光繞射儀利用加速電子撞擊金屬靶材產生X射線，並進行週期性晶格結構的樣品分析。透過收集不同晶面的繞射角度，可以分析樣品的晶格參數，同時也可以藉由分析各晶面的繞射強度獲得晶格結構中原子種類和位置的資訊。每個晶體的組合繞射圖譜獨特，如同人類指紋一般，可用於確定材料所屬的礦物晶體或結晶材料。

該設施目前配備了三台不同類型的X光繞射儀，用於對不同類型的樣品進行分析，主要針對粉末、塗層、薄膜、漿膜、加工零件或磊晶膜等進行結構、相位、晶體紋和其他結構參數的分析。

主要的服務專案包括：
1.使用者安全教育和機台操作訓練：使用者需要接受相關的安全教育和機器操作訓練，通過考核後才能獲得自主使用設施儀器的權限。
2.分析各類樣品特性：提供對各種樣品的晶相、材料結構、材料內應變、材料殘餘應力和材料結晶度等特性進行分析的服務。

主要的設備包括：
1.X光常溫繞射儀 (PANalytical X’Pert PRO)：用於常溫下的X光繞射分析。
2.X光變溫繞射儀 (PANalytical Empyrean)：具有變溫功能的X光繞射儀，可進行溫度相依性的研究。
3.高解析X光繞射儀 (PANalytical X’Pert MRD)：提供廣角及低掠角繞射分析，可進行薄膜微結構之分析量測。

該設施位於中研院物理研究所地下1樓B1A實驗室，由該所歐敏男研究助技師負責管理。

有關X光繞射材料分析實驗室的使用規則、收費標準及聯繫方式，請參見
https://www.phys.sinica.edu.tw/~XRDCF/",學術,https://www.phys.sinica.edu.tw/~XRDCF/,中研院學術處
