category,title,question,group,url,contact,answer
學術處計畫申請案,學術處計畫申請案,中研院的競爭型學術研究計畫經費共有幾種類型呢？,學術,https://sub.daais.sinica.edu.tw/grants/about.htmll,"李立文 02-27892575
趙婉伶 02-27898067
徐靜萍 02-27899351
曾錦錚 02-27899386
李家茵 02-27899476
簡玫秀 02-27899676
陳羿君 02-27872612
白倩華 02-27872613
張元貞 02-27872614",中研院的競爭型學術研究計畫經費分為三大類型。
學術處計畫申請案,學術處計畫申請案,第一類型的計畫主要是什麼內容？,學術,https://sub.daais.sinica.edu.tw/grants/about.htmll,"李立文 02-27892575
趙婉伶 02-27898067
徐靜萍 02-27899351
曾錦錚 02-27899386
李家茵 02-27899476
簡玫秀 02-27899676
陳羿君 02-27872612
白倩華 02-27872613
張元貞 02-27872614",第一類型的計畫主要是深耕基礎研究，讓研究人員能夠精益求精。這類型的計畫包括前瞻計畫、深耕計畫和主題研究計畫。
學術處計畫申請案,學術處計畫申請案,追求關鍵議題與新興領域突破型包含哪些計畫？,學術,https://sub.daais.sinica.edu.tw/grants/about.htmll,"李立文 02-27892575
趙婉伶 02-27898067
徐靜萍 02-27899351
曾錦錚 02-27899386
李家茵 02-27899476
簡玫秀 02-27899676
陳羿君 02-27872612
白倩華 02-27872613
張元貞 02-27872614",追求關鍵議題與新興領域突破型包括關鍵突破種子計畫和關鍵突破研究計畫兩種。
學術處計畫申請案,學術處計畫申請案,任務導向型計畫是怎麼規劃的？,學術,https://sub.daais.sinica.edu.tw/grants/about.htmll,"李立文 02-27892575
趙婉伶 02-27898067
徐靜萍 02-27899351
曾錦錚 02-27899386
李家茵 02-27899476
簡玫秀 02-27899676
陳羿君 02-27872612
白倩華 02-27872613
張元貞 02-27872614",任務導向型計畫是由上至下規劃的，主要是根據中研院的科技施政布局來進行。這類計畫包括永續科學研究計畫、任務導向生技研究計畫、因應流行病研究計畫、材料與分析科技探索計畫和數位人文研究計畫。經費分配方面，會根據計畫類型、個人型或團隊整合型、規模和深度、效益評估等條件進行安排，並根據計畫審議的研究成果進行修正。
學術處計畫申請案,學術處計畫申請案,如何根據不同類型的計畫分配經費？,學術,https://sub.daais.sinica.edu.tw/grants/about.htmll,"李立文 02-27892575
趙婉伶 02-27898067
徐靜萍 02-27899351
曾錦錚 02-27899386
李家茵 02-27899476
簡玫秀 02-27899676
陳羿君 02-27872612
白倩華 02-27872613
張元貞 02-27872614",
學術處計畫申請案,學術處計畫申請案,計畫審議的相關實務研究成果會如何影響經費分配？,學術,https://sub.daais.sinica.edu.tw/grants/about.htmll,"李立文 02-27892575
趙婉伶 02-27898067
徐靜萍 02-27899351
曾錦錚 02-27899386
李家茵 02-27899476
簡玫秀 02-27899676
陳羿君 02-27872612
白倩華 02-27872613
張元貞 02-27872614",計畫審議的相關實務研究成果會影響經費分配，因為在分配經費時會參考過往的經驗和分析檢討，然後根據審議的研究成果來修正經費分配計畫。這樣可以確保經費能更有效地支持各類型的研究計畫和達到更好的研究成果。
學術處計畫申請案,第一、二類型計畫,我想申請第一、二類型計畫經費，要怎麼開始呢？,學術,https://sub.daais.sinica.edu.tw/grants/index.html,"趙婉伶 02-27898067
徐靜萍 02-27899351
曾錦錚 02-27899386
簡玫秀 02-27899676
陳羿君 02-27872612
白倩華 02-27872613","如果你想申請第一、二類型計畫經費，首先可以查詢中研院競爭型學術研究計畫經費的類型，分為前瞻計畫、深耕計畫、主題研究計畫，以及關鍵突破種子計畫和關鍵突破研究計畫。可以先上這個網站了解更多資料：https://sub.daais.sinica.edu.tw/grants/index.html。

申請時要登錄中研院學術服務管理系統，網址是：https://asms.sinica.edu.tw/。然後按照系統的指引進行申請就可以了。"
學術處計畫申請案-第一、二類型計畫,前瞻計畫,前瞻計畫的目的是什麼呢？,學術,https://sub.daais.sinica.edu.tw/grants/cda.html,"趙婉伶 02-27898067 
徐靜萍 02-27899351 
曾錦錚 02-27899386",前瞻計畫的目的是要找尋和培養有優秀研究成果和發展潛力的年輕學者，讓他們可以進行具有國際競爭力的前瞻性研究課題，最後成為世界頂尖的學術研究人才。
學術處計畫申請案-第一、二類型計畫,前瞻計畫,如何能參加這個計畫呢？,學術,https://sub.daais.sinica.edu.tw/grants/cda.html,"趙婉伶 02-27898067 
徐靜萍 02-27899351 
曾錦錚 02-27899386",要參加這個計畫，首先你得是中研院的專任助研究員、非長聘助研究員或是中研院各研究所、研究中心新招的助研究員或非長聘副研究員。接下來，在每年的3到5月期間進行申請，4月初遞交意願書，然後在5月初讓推薦單位遞交計畫書紙本資料。之後就是等待書面初審、複審和決審過程，11月公告通過審核的申請案，通過審查的計畫將在次年1月開始執行。記得申請時要準備好研究計畫書、個人履歷和主要著作目錄，以及推薦函和相關會議紀錄。更多資訊和申請方式可以查看中研院相關網站。
學術處計畫申請案-第一、二類型計畫,前瞻計畫,申請的資料有哪些呢？,學術,https://sub.daais.sinica.edu.tw/grants/cda.html,"趙婉伶 02-27898067 
徐靜萍 02-27899351 
曾錦錚 02-27899386",申請的資料包括研究計畫書、個人履歷資料和近年主要著作目錄，還有推薦函及所務或中心業務會議紀錄哦。
學術處計畫申請案-第一、二類型計畫,前瞻計畫,每年申請的時間是什麼時候呢？,學術,https://sub.daais.sinica.edu.tw/grants/cda.html,"趙婉伶 02-27898067 
徐靜萍 02-27899351 
曾錦錚 02-27899386",每年的申請時間在3到5月，4月初需要先提交意願書。
學術處計畫申請案-第一、二類型計畫,前瞻計畫,這個計畫的經費上限是多少呢？,學術,https://sub.daais.sinica.edu.tw/grants/cda.html,"趙婉伶 02-27898067 
徐靜萍 02-27899351 
曾錦錚 02-27899386",這個計畫的經費上限是新台幣500萬元。
學術處計畫申請案-第一、二類型計畫,前瞻計畫,想要更了解計畫詳情，我該去哪裡查看呢？,學術,https://sub.daais.sinica.edu.tw/grants/cda.html,"趙婉伶 02-27898067 
徐靜萍 02-27899351 
曾錦錚 02-27899386",想要更了解計畫詳情，可以參閱這個網址：https://sub.daais.sinica.edu.tw/grants/cda.html。
學術處計畫申請案-第一、二類型計畫,前瞻計畫,申請這個計畫需要登錄什麼網站呀？,學術,https://sub.daais.sinica.edu.tw/grants/cda.html,"趙婉伶 02-27898067 
徐靜萍 02-27899351 
曾錦錚 02-27899386",要申請這個計畫，你需要登錄中研院學術服務管理系統，網址是https://asms.sinica.edu.tw/。
學術處計畫申請案-第一、二類型計畫,深耕計畫,深耕計畫是幹嘛的啊？,學術,https://www.sinica.edu.tw/ch/articles/231,徐靜萍 02-27899351,深耕計畫主要是為了支持並培育中研院有潛力的研究人員，讓他們能專注在重要課題的原創性研究，希望他們在各個領域，像是生命科學、數理科學、人文及社會科學等，有世界級的重要貢獻。
學術處計畫申請案-第一、二類型計畫,深耕計畫,我要怎麼申請深耕計畫呢？,學術,https://www.sinica.edu.tw/ch/articles/231,徐靜萍 02-27899351,要申請深耕計畫，首先要確保你是中研院的專任副研究員以上的研究人員。接著在每年的3-5月申請期間，4月初先提交意願書，5月初再提交研究計畫書和個人履歷資料等文件。申請詳細內容可以參考中研院的深耕計畫作業要點。通過審核的計畫會在次年1月開始執行，經費上限為新台幣500萬元。若想了解更多資訊，可以參閱相關網站或登錄中研院學術服務管理系統進行申請。
學術處計畫申請案-第一、二類型計畫,深耕計畫,申請這個計畫需要什麼資格啊？,學術,https://www.sinica.edu.tw/ch/articles/231,徐靜萍 02-27899351,要申請這個計畫，主持人得是中研院的專任副研究員以上的研究人員哦。
學術處計畫申請案-第一、二類型計畫,深耕計畫,這個計畫總共要進行多久呀？,學術,https://www.sinica.edu.tw/ch/articles/231,徐靜萍 02-27899351,這個計畫總共要進行5年喔。
學術處計畫申請案-第一、二類型計畫,深耕計畫,我要在哪個時間段申請這個計畫呢？,學術,https://www.sinica.edu.tw/ch/articles/231,徐靜萍 02-27899351,你可以在每年的3-5月申請這個計畫，4月初先提交意願書，然後在5月初提交計畫書。
學術處計畫申請案-第一、二類型計畫,深耕計畫,申請過程有哪些審核環節啊？,學術,https://www.sinica.edu.tw/ch/articles/231,徐靜萍 02-27899351,申請過程有幾個審核環節，先是國內外學者專家進行書面初審，然後各學組委員會進行複審，最後是三學組聯席決審會議。通過審核的申請案會在11月公告。
學術處計畫申請案-第一、二類型計畫,深耕計畫,深耕計畫的經費上限是多少啊？,學術,https://www.sinica.edu.tw/ch/articles/231,徐靜萍 02-27899351,深耕計畫的經費上限是新台幣500萬元呢。
學術處計畫申請案-第一、二類型計畫,深耕計畫,哪裡可以找到計畫的詳細說明和申請表呢？,學術,https://www.sinica.edu.tw/ch/articles/231,徐靜萍 02-27899351,你可以到這個網址看計畫的詳細說明：https://sub.daais.sinica.edu.tw/grants/iva.html。想要申請的話，記得要登錄中研院學術服務管理系統哦，網址是：https://asms.sinica.edu.tw/。
學術處計畫申請案-第一、二類型計畫,主題研究計畫,這個主題研究計畫是要幫助中研院的研究專案在基礎研究領域做出重要貢獻，對吧？,學術,https://sub.daais.sinica.edu.tw/grants/tp.html,"趙婉伶 02-27898067 
曾錦錚 02-27899386 
簡玫秀 02-27899676",對啊，這個主題研究計畫就是為了推動中研院的研究專案，在基礎研究領域做出世界級的重要貢獻呢。
學術處計畫申請案-第一、二類型計畫,主題研究計畫,主持這個計畫的人得是中研院的專任研究人員，是這樣嗎？,學術,https://sub.daais.sinica.edu.tw/grants/tp.html,"趙婉伶 02-27898067 
曾錦錚 02-27899386 
簡玫秀 02-27899676",是的，主持這個計畫的人必須是中研院的專任研究人員。
學術處計畫申請案-第一、二類型計畫,主題研究計畫,這個計畫的周期是三年，分為個人型研究計畫和單一整合型研究計畫兩類，對嗎？,學術,https://sub.daais.sinica.edu.tw/grants/tp.html,"趙婉伶 02-27898067 
曾錦錚 02-27899386 
簡玫秀 02-27899676",沒錯，這個計畫的周期是三年，分成個人型研究計畫和單一整合型研究計畫兩類。
學術處計畫申請案-第一、二類型計畫,主題研究計畫,要申請這個計畫，我需要提交研究計畫書、個人履歷資料和近年主要著作目錄，是這樣嗎？,學術,https://sub.daais.sinica.edu.tw/grants/tp.html,"趙婉伶 02-27898067 
曾錦錚 02-27899386 
簡玫秀 02-27899676",對的，你需要提交研究計畫書、個人履歷資料和近年主要著作目錄來申請這個計畫。
學術處計畫申請案-第一、二類型計畫,主題研究計畫,這個計畫的申請時間是每年3-5月，4月初先提交意願書，然後5月初提交計畫書，對吧？,學術,https://sub.daais.sinica.edu.tw/grants/tp.html,"趙婉伶 02-27898067 
曾錦錚 02-27899386 
簡玫秀 02-27899676",沒錯，申請時間就是在每年的3-5月，4月初先提交意願書，然後5月初再提交計畫書。
學術處計畫申請案-第一、二類型計畫,主題研究計畫,評審過程包括國內外學者專家的書面初審、各學組委員會複審和三學組聯席決審會議，然後在11月公布審核結果，對嗎？,學術,https://sub.daais.sinica.edu.tw/grants/tp.html,"趙婉伶 02-27898067 
曾錦錚 02-27899386 
簡玫秀 02-27899676",沒錯，評審過程就是這樣，先經過國內外學者專家的書面初審，然後再經過各學組委員會複審，最後是三學組聯席決審會議。等這些步驟完成後，11月就會公布審核結果。
學術處計畫申請案-第一、二類型計畫,主題研究計畫,預計次年1月開始執行通過審查的計畫，是這樣嗎？,學術,https://sub.daais.sinica.edu.tw/grants/tp.html,"趙婉伶 02-27898067 
曾錦錚 02-27899386 
簡玫秀 02-27899676",是的，通過審查的計畫預計將在次年1月開始執行。
學術處計畫申請案-第一、二類型計畫,主題研究計畫,個人型研究計畫的經費上限是新台幣500萬元，單一整合型研究計畫則是新台幣800萬元，對嗎？,學術,https://sub.daais.sinica.edu.tw/grants/tp.html,"趙婉伶 02-27898067 
曾錦錚 02-27899386 
簡玫秀 02-27899676",對的，個人型研究計畫的經費上限是新台幣500萬元，單一整合型研究計畫的上限是新台幣800萬元。
學術處計畫申請案-第一、二類型計畫,主題研究計畫,要找到計畫的詳細說明，我可以去https://sub.daais.sinica.edu.tw/grants/tp.html這個網址看，對吧？,學術,https://sub.daais.sinica.edu.tw/grants/tp.html,"趙婉伶 02-27898067 
曾錦錚 02-27899386 
簡玫秀 02-27899676",沒錯，你可以在這個網址找到計畫的詳細說明喔。
學術處計畫申請案-第一、二類型計畫,主題研究計畫,. 想申請計畫的話，我需要登錄中研院的學術服務管理系統https://asms.sinica.edu.tw/，是這樣嗎？,學術,https://sub.daais.sinica.edu.tw/grants/tp.html,"趙婉伶 02-27898067 
曾錦錚 02-27899386 
簡玫秀 02-27899676",對的，想申請計畫的話，你需要登錄中研院的學術服務管理系統https://asms.sinica.edu.tw/。
學術處計畫申請案-第一、二類型計畫,關鍵突破種子計畫,關鍵突破種子計畫是為了解決什麼樣的挑戰？,學術,https://sub.daais.sinica.edu.tw/grants/gcs.html,"陳羿君 02-27872612 
白倩華 02-27872613",關鍵突破種子計畫是為了解決那些概念還在萌芽階段，但具有原創性和發展潛力的研究挑戰。
學術處計畫申請案-第一、二類型計畫,關鍵突破種子計畫,要怎麼申請關鍵突破計畫呢？,學術,https://sub.daais.sinica.edu.tw/grants/gcs.html,"陳羿君 02-27872612 
白倩華 02-27872613",要申請關鍵突破計畫，你需要登錄中研院學術服務管理系統 https://asms.sinica.edu.tw/，並在申請期限內準備好以下文件：研究計畫書、個人履歷資料和近年主要著作目錄。每年有兩梯次申請，第一梯次申請時間在1-3月，第二梯次申請時間在7-9月。然後申請經過三階段審查，第一梯次通過的計畫將在同年7月開始執行，第二梯次通過的計畫則會在次年1月開始執行。申請詳細內容請參考「中央研究院關鍵突破計畫作業要點」，相關資訊可在 https://www.sinica.edu.tw/ch/articles/425 查閱。
學術處計畫申請案-第一、二類型計畫,關鍵突破種子計畫,申請的主持人需要是中研院的專任研究人員嗎？,學術,https://sub.daais.sinica.edu.tw/grants/gcs.html,"陳羿君 02-27872612 
白倩華 02-27872613",對的，主持人必須是中研院的專任研究人員。
學術處計畫申請案-第一、二類型計畫,關鍵突破種子計畫,關鍵突破種子計畫和關鍵突破研究計畫有什麼區別？,學術,https://sub.daais.sinica.edu.tw/grants/gcs.html,"陳羿君 02-27872612 
白倩華 02-27872613",關鍵突破種子計畫和關鍵突破研究計畫的主要區別在於計畫期程和研究階段。種子計畫的期限是1到2年，適合剛開始的概念還在萌芽階段的研究，它們具有原創性和發展潛力；而關鍵突破研究計畫則以5年為期，適用於有了較具體概念和相對成熟的研究計畫。
學術處計畫申請案-第一、二類型計畫,關鍵突破種子計畫,不同規模的計畫有哪三類呢？,學術,https://sub.daais.sinica.edu.tw/grants/gcs.html,"陳羿君 02-27872612 
白倩華 02-27872613",不同規模的計畫分成三類，分別是個人型研究計畫、單一整合型研究計畫和所、中心問題導向型團隊研究計畫。
學術處計畫申請案-第一、二類型計畫,關鍵突破種子計畫,申請時需要提交哪些文件？,學術,https://sub.daais.sinica.edu.tw/grants/gcs.html,"陳羿君 02-27872612 
白倩華 02-27872613",申請時需要提交研究計畫書和個人履歷資料，還有近年主要著作目錄。
學術處計畫申請案-第一、二類型計畫,關鍵突破種子計畫,每年的申請時間分兩梯次，分別是什麼時候呢？,學術,https://sub.daais.sinica.edu.tw/grants/gcs.html,"陳羿君 02-27872612 
白倩華 02-27872613",每年的申請時間有兩梯次，第一梯次申請時間在1月到3月，第二梯次申請時間在7月到9月。
學術處計畫申請案-第一、二類型計畫,關鍵突破種子計畫,關鍵突破計畫的經費上限是多少？,學術,https://sub.daais.sinica.edu.tw/grants/gcs.html,"陳羿君 02-27872612 
白倩華 02-27872613","關鍵突破計畫的經費上限是新台幣2,000萬元。"
學術處計畫申請案-第一、二類型計畫,關鍵突破種子計畫,如果我想了解更多計畫詳細說明，該去哪裡查詢？,學術,https://sub.daais.sinica.edu.tw/grants/gcs.html,"陳羿君 02-27872612 
白倩華 02-27872613",想了解更多計畫詳細說明，可以參閱https://sub.daais.sinica.edu.tw/grants/gcs.html這個網址。
學術處計畫申請案-第一、二類型計畫,關鍵突破種子計畫,.要在哪個系統上登錄申請本計畫呢？,學術,https://sub.daais.sinica.edu.tw/grants/gcs.html,"陳羿君 02-27872612 
白倩華 02-27872613",要登錄申請本計畫，請上中研院學術服務管理系統https://asms.sinica.edu.tw/。
學術處計畫申請案-第一、二類型計畫,關鍵突破研究計畫,關鍵突破研究計畫是要達成什麼目標呢？,學術,https://sub.daais.sinica.edu.tw/grants/gcp.html,陳羿君 02-27872612,關鍵突破研究計畫的目標是提升中研院的基礎研究，鼓勵研究人員重視社會和學術上急需解決的挑戰，分析現有的限制，找出問題的核心，並提出具有突破性的解決策略，最終達到成就全球頂尖研究的目標。
學術處計畫申請案-第一、二類型計畫,關鍵突破研究計畫,申請關鍵突破計畫需要遵循哪些作業要點？,學術,https://sub.daais.sinica.edu.tw/grants/gcp.html,陳羿君 02-27872612,申請關鍵突破計畫需要按照「中央研究院關鍵突破計畫作業要點」辦理，詳細內容可參考中研院的相關網站。
學術處計畫申請案-第一、二類型計畫,關鍵突破研究計畫,誰能擔任關鍵突破計畫的主持人？,學術,https://sub.daais.sinica.edu.tw/grants/gcp.html,陳羿君 02-27872612,能擔任關鍵突破計畫主持人的是中研院的專任研究人員。
學術處計畫申請案-第一、二類型計畫,關鍵突破研究計畫,關鍵突破種子計畫跟關鍵突破研究計畫有什麼不同？,學術,https://sub.daais.sinica.edu.tw/grants/gcp.html,陳羿君 02-27872612,關鍵突破種子計畫是為期1到2年，主要針對概念還在萌芽階段但有原創性和發展潛力的研究計畫。而關鍵突破研究計畫的期限原則上是5年，適用於已經有較具體概念和相對成熟的研究計畫。
學術處計畫申請案-第一、二類型計畫,關鍵突破研究計畫,關鍵突破計畫有哪三類規模？,學術,https://sub.daais.sinica.edu.tw/grants/gcp.html,陳羿君 02-27872612,關鍵突破計畫有三類規模，分別是個人型研究計畫、單一整合型研究計畫和所、中心問題導向型團隊研究計畫。
學術處計畫申請案-第一、二類型計畫,關鍵突破研究計畫,申請關鍵突破計畫需要準備哪些文件呢？,學術,https://sub.daais.sinica.edu.tw/grants/gcp.html,陳羿君 02-27872612,要申請關鍵突破計畫，需要準備研究計畫書和個人履歷資料，還有近年主要著作目錄哦。
學術處計畫申請案-第一、二類型計畫,關鍵突破研究計畫,一般什麼時候可以申請關鍵突破計畫？,學術,https://sub.daais.sinica.edu.tw/grants/gcp.html,陳羿君 02-27872612,一般可以在每年的3到5月申請關鍵突破計畫。4月初要先提交意願書，然後在5月初提交計畫書。
學術處計畫申請案-第一、二類型計畫,關鍵突破研究計畫,申請關鍵突破計畫通過後，何時開始執行？,學術,https://sub.daais.sinica.edu.tw/grants/gcp.html,陳羿君 02-27872612,通過審查的關鍵突破計畫會在次年1月開始執行。
學術處計畫申請案-第一、二類型計畫,關鍵突破研究計畫,關鍵突破計畫的經費上限是多少？,學術,https://sub.daais.sinica.edu.tw/grants/gcp.html,陳羿君 02-27872612,"關鍵突破計畫的經費上限是新台幣2,000萬元。"
學術處計畫申請案-第一、二類型計畫,關鍵突破研究計畫,.如何查詢關鍵突破計畫的詳細說明和申請流程？,學術,https://sub.daais.sinica.edu.tw/grants/gcp.html,陳羿君 02-27872612,要查詢關鍵突破計畫的詳細說明和申請流程，可以到官網上查看，網址是https://sub.daais.sinica.edu.tw/grants/gcp.html。如果你想申請計畫，還可以登錄中研院學術服務管理系統https://asms.sinica.edu.tw/。
學術處計畫申請案-第三類型計畫,永續科學研究計畫,這個永續科學研究計畫要解決哪些關鍵永續問題呢？,學術,http://www.cfss.sinica.edu.tw/,李立文 02-27892575,這個永續科學研究計畫要解決的關鍵永續問題有以下六大方向：1. 能源與減碳科技、2. 糧食、空氣、水資源的保衛與安全、3. 邁向永續社會的轉型、4. 健康福祉與環境變遷、5. 全球變遷下的地球系統，以及6. 災害預防、降低和復原。
學術處計畫申請案-第三類型計畫,永續科學研究計畫,如何邀請院外學者加入研究團隊？,學術,http://www.cfss.sinica.edu.tw/,李立文 02-27892575,要邀請院外學者加入研究團隊，可以先找到與計畫主題相關的專家，然後主動聯繫他們，向他們介紹計畫內容和目標，詢問他們是否有興趣參加。如果條件合適，他們就可能加入團隊共同研究。
學術處計畫申請案-第三類型計畫,永續科學研究計畫,永續研究推動的六大方向具體包括哪些內容？,學術,http://www.cfss.sinica.edu.tw/,李立文 02-27892575,永續研究推動的六大方向包括：1. 能源與減碳科技，2. 糧食、空氣、水資源的保衛與安全，3. 邁向永續社會的轉型，4. 健康福祉與環境變遷，5. 全球變遷下的地球系統，以及6. 災害預防、降低及復原。
學術處計畫申請案-第三類型計畫,永續科學研究計畫,這個計畫有哪些徵求類型？,學術,http://www.cfss.sinica.edu.tw/,李立文 02-27892575,"這個計畫主要有三種徵求類型，分別是：
1. 三年期的整合型和單一整合型計畫（每年定期公告徵求主題）。
2. 不定期推動主動規劃型（Top-down）計畫（執行期限原則上為1年內）。
3. 每年辦理計畫說明會，公布年度徵求主題，並在6月底截止受理計畫申請收件。"
學術處計畫申請案-第三類型計畫,永續科學研究計畫,計畫說明會是在每年4月下旬舉辦嗎？,學術,http://www.cfss.sinica.edu.tw/,李立文 02-27892575,對的，每年4月下旬會辦理計畫說明會。
學術處計畫申請案-第三類型計畫,永續科學研究計畫,計畫申請的截止日期是每年6月底對吧？,學術,http://www.cfss.sinica.edu.tw/,李立文 02-27892575,沒錯，計畫申請的截止日期是每年6月底。
學術處計畫申請案-第三類型計畫,永續科學研究計畫,核定計畫通常會在11月公告，然後次年1月開始執行嗎？,學術,http://www.cfss.sinica.edu.tw/,李立文 02-27892575,是的，核定計畫通常會在11月公告，然後次年1月開始執行。
學術處計畫申請案-第三類型計畫,永續科學研究計畫,這個永續整體推動計畫的經費申請上限是多少？,學術,http://www.cfss.sinica.edu.tw/,李立文 02-27892575,"這個永續整體推動計畫並沒有明確訂定經費申請額度上限，但計畫總經費原則上不要超過2,000萬。"
學術處計畫申請案-第三類型計畫,永續科學研究計畫,如何確定合理的執行經費？,學術,http://www.cfss.sinica.edu.tw/,李立文 02-27892575,"合理的執行經費是根據審查會議的共識來決定的。審查會議會依據每個計畫的主題和合作規模，來核定適當的經費。不過，計畫總經費原則上不要超過2,000萬。"
學術處計畫申請案-第三類型計畫,永續科學研究計畫,.我可以在哪裡找到更多有關永續整體推動計畫的詳細說明？,學術,http://www.cfss.sinica.edu.tw/,李立文 02-27892575,你可以在這個網址找到更多有關永續整體推動計畫的詳細說明：http://www.cfss.sinica.edu.tw/。
學術處計畫申請案-第三類型計畫,任務導向生技研究計畫,這個任務導向生技研究計畫是要幫助哪些具有特定研發經驗的團隊呢？,學術,https://daais.sinica.edu.tw/pages/3048?locale=zh-tw,張元貞 02-27872614,這個任務導向生技研究計畫主要是要幫助有小分子藥物、抗體藥物、核酸藥物、奈米藥物、細胞治療和醫材研發經驗的團隊。
學術處計畫申請案-第三類型計畫,任務導向生技研究計畫,這個計畫主要針對哪六大生醫領域進行研究呢？,學術,https://daais.sinica.edu.tw/pages/3048?locale=zh-tw,張元貞 02-27872614,這個計畫主要針對精準醫學/癌症治療、感染性疾病、神經退化性疾病、代謝疾病、創新醫療應用和創新檢測技術這六大生醫領域進行研究。
學術處計畫申請案-第三類型計畫,任務導向生技研究計畫,計畫的最終目的是在多久的時間內將研究成果變成具有商業價值的產品技術？,學術,https://daais.sinica.edu.tw/pages/3048?locale=zh-tw,張元貞 02-27872614,計畫的最終目的是在3到5年內，把研究成果變成具有商業價值的產品技術。
學術處計畫申請案-第三類型計畫,任務導向生技研究計畫,若計畫申請通過，可以進駐哪個國家生技研究園區執行呢？,學術,https://daais.sinica.edu.tw/pages/3048?locale=zh-tw,張元貞 02-27872614,通過審查的計畫可以進駐國家生技研究園區執行喔。
學術處計畫申請案-第三類型計畫,任務導向生技研究計畫,每年的申請時間大約是哪個時段？,學術,https://daais.sinica.edu.tw/pages/3048?locale=zh-tw,張元貞 02-27872614,每年的申請時間大概在四月到七月之間。
學術處計畫申請案-第三類型計畫,任務導向生技研究計畫,計畫書提交的截止時間是在哪個月份呢？,學術,https://daais.sinica.edu.tw/pages/3048?locale=zh-tw,張元貞 02-27872614,計畫書提交的截止時間是在7月中旬。
學術處計畫申請案-第三類型計畫,任務導向生技研究計畫,審核的程序經過幾個階段，通常會在哪個月份公告通過審核的申請案？,學術,https://daais.sinica.edu.tw/pages/3048?locale=zh-tw,張元貞 02-27872614,審核程序共經過三個階段：書面初審、委員會複審和聯席決審會議。通常會在11月公告通過審核的申請案。
學術處計畫申請案-第三類型計畫,任務導向生技研究計畫,通過審查的核定計畫一般在哪個月份開始執行呢？,學術,https://daais.sinica.edu.tw/pages/3048?locale=zh-tw,張元貞 02-27872614,通過審查的核定計畫一般在次年的1月開始執行。
學術處計畫申請案-第三類型計畫,任務導向生技研究計畫,這個計畫的執行時間原則是多少年？,學術,https://daais.sinica.edu.tw/pages/3048?locale=zh-tw,張元貞 02-27872614,這個計畫的執行時間原則是3-5年。
學術處計畫申請案-第三類型計畫,任務導向生技研究計畫,.詳細說明和申請資料可以在哪個網站找到呢？,學術,https://daais.sinica.edu.tw/pages/3048?locale=zh-tw,張元貞 02-27872614,你可以在這個網址找到詳細說明和申請資料：https://daais.sinica.edu.tw/pages/3048?locale=zh-tw
學術處計畫申請案-第三類型計畫,因應流行病研究計畫,這個因應流行病研究計畫具體要做些什麼呢？,學術,https://daais.sinica.edu.tw/pages/3049?locale=zh-tw,張元貞 02-27872614,這個因應流行病研究計畫主要是為了整合院內傳染病研究能力，讓不同單位一起合作投入檢測技術、藥物、抗體、疫苗和致病機轉的研發。它還會提供跨領域實驗室支援，利用各種相關資源來建立一個完整的流行病研究開發環境，以提升整體研究能力。該計畫希望建立一個感染性疾病防治的關鍵技術平台和藥品資源庫，未來如果面臨新興傳染病爆發，可以在最短的時間內研發出快篩試劑、抗體藥物、特效藥物和疫苗，並快速提供給產業進行臨床試驗和商品化。而這些研究成果也會保存在國家科研園區，作為國家重要的新興傳染病防治資源庫。
學術處計畫申請案-第三類型計畫,因應流行病研究計畫,計畫涉及哪些跨領域實驗室支援？,學術,https://daais.sinica.edu.tw/pages/3049?locale=zh-tw,張元貞 02-27872614,這個計畫提供的跨領域實驗室支援包括分子結構學、抗體研發、動物模式和P3實驗室等相關資源。
學術處計畫申請案-第三類型計畫,因應流行病研究計畫,這個計畫如何縮短研發快篩試劑、抗體藥物和疫苗的時間？,學術,https://daais.sinica.edu.tw/pages/3049?locale=zh-tw,張元貞 02-27872614,這個計畫通過集結院內傳染病研究量能，跟各單位合作投入檢測技術、藥物、抗體、疫苗和致病機轉的研發。同時提供跨領域實驗室支援和相關資源，像是分子結構學、抗體研發、動物模式和P3實驗室等，預期可以加速研發出快篩試劑原型、抗體藥物和疫苗等產品。這樣可以讓這些產品在新興傳染病爆發時，迅速提供給產業使用，縮短研發時間。
學術處計畫申請案-第三類型計畫,因應流行病研究計畫,申請這個計畫的時間是什麼時候呢？,學術,https://daais.sinica.edu.tw/pages/3049?locale=zh-tw,張元貞 02-27872614,申請這個計畫的時間是每年的4月到7月，先在5月中旬提交意願書，然後在7月中旬提交計畫書。
學術處計畫申請案-第三類型計畫,因應流行病研究計畫,計畫的執行時間和經費額度是多少？,學術,https://daais.sinica.edu.tw/pages/3049?locale=zh-tw,張元貞 02-27872614,計畫的執行時間是4年，每年的經費額度最高是新台幣2000萬元。
學術處計畫申請案-第三類型計畫,材料與分析科技探索計畫(iMATE),什麼是材料與分析科技探索計畫（iMATE）呢？,學術,https://imate.iams.sinica.edu.tw/home,李家茵 02-27899476,材料與分析科技探索計畫（iMATE）是一個專門涉及新穎材料和關鍵功能的分析科技的研究計畫。它的目的是為了增強國家在科研競爭中的發展能力，進行跨領域的研究並探索具有關鍵特質的新穎材料。這個計畫讓國家能夠領先一步，引領國際研究趨勢。更多詳情可以參考這個網站：https://imate.iams.sinica.edu.tw/home。
學術處計畫申請案-第三類型計畫,材料與分析科技探索計畫(iMATE),iMATE計畫是為了達成什麼目的而成立的？,學術,https://imate.iams.sinica.edu.tw/home,李家茵 02-27899476,iMATE計畫是為了厚植國家科研競爭力，共同探索具有關鍵特質的新穎材料和關鍵功能的分析科技，以幫助國家引領國際研究的先機而成立的。
學術處計畫申請案-第三類型計畫,材料與分析科技探索計畫(iMATE),iMATE跨的是哪些領域來共同探索呢？,學術,https://imate.iams.sinica.edu.tw/home,李家茵 02-27899476,iMATE主要是跨不同領域來共同探討具有關鍵特質的新穎材料與關鍵功能的分析科技。它的目的是幫助國家提升科研競爭力，並引領國際研究趨勢。想了解更多的話，可以參考他們的官網：https://imate.iams.sinica.edu.tw/home。
學術處計畫申請案-第三類型計畫,材料與分析科技探索計畫(iMATE),參與iMATE的研究工作能幫助國家在國際競爭中擁有什麼優勢？,學術,https://imate.iams.sinica.edu.tw/home,李家茵 02-27899476,參與iMATE的研究工作能讓國家在科研競爭方面具有更強大的發展力。通過跨領域共同研究新穎材料和關鍵功能的分析科技，這有助於讓國家在國際競爭中搶先一步，引領研究潮流。
學術處計畫申請案-第三類型計畫,材料與分析科技探索計畫(iMATE),如果想了解更多關於iMATE的詳細說明，我可以去哪個網站查看？,學術,https://imate.iams.sinica.edu.tw/home,李家茵 02-27899476,如果想了解更多關於iMATE的詳細說明，可以去這個網站查看：https://imate.iams.sinica.edu.tw/home。
學術處計畫申請案-第三類型計畫,數位人文研究計畫,數位人文研究計畫是如何推動中研院數位人文研究和創新數位文化的呢？,學術,https://ascdc.sinica.edu.tw/,李家茵 02-27899476,數位人文研究計畫透過協助人文學研究的數位轉向，並且積極加速研究成果與在地社會建立有機連結。同時，這個計畫也以跨領域整合的方式，與全球相關領域互動，一起推動中研院數位人文研究和創新數位文化。更多資訊可以參考ascdc.sinica.edu.tw這個網站。
學術處計畫申請案-第三類型計畫,數位人文研究計畫,這個計畫如何協助人文學研究的數位轉向？,學術,https://ascdc.sinica.edu.tw/,李家茵 02-27899476,
學術處計畫申請案-第三類型計畫,數位人文研究計畫,能說明一下研究成果是如何與在地社會建立有機連結的吧？,學術,https://ascdc.sinica.edu.tw/,李家茵 02-27899476,當然可以！中研院數位人文研究成果會透過各種方式與在地社會建立連結，例如舉辦活動、講座或工作坊，讓民眾參與並了解研究內容。同時，我們會將研究成果與實際應用結合，與當地教育、文化機構合作，彰顯研究的價值並造福社群。透過這些方式，中研院數位人文研究的成果能與在地社會緊密結合，共同推動人文學研究與改革。如果想了解更多，可以參考我們網站：https://ascdc.sinica.edu.tw/。
學術處計畫申請案-第三類型計畫,數位人文研究計畫,項目跟全球相關領域的互動是怎麼進行的？,學術,https://ascdc.sinica.edu.tw/,李家茵 02-27899476,項目會和全球相關領域的研究者和機構進行合作與交流，通過研討會、研究計畫等方式，跟其他國家的專家互相學習和交流經驗，以達到共同提升數位人文研究水平的目的。你可以查看https://ascdc.sinica.edu.tw/網站，了解更多相關資訊。
學術處計畫申請案-第三類型計畫,數位人文研究計畫,想了解更多詳細說明，我可以直接參考https://ascdc.sinica.edu.tw/，對吧？,學術,https://ascdc.sinica.edu.tw/,李家茵 02-27899476,沒錯，想要了解更多詳細說明，你可以直接參考https://ascdc.sinica.edu.tw/。
學術處計畫申請案,審查,審查重點主要是解決哪些方面的問題呢？,學術,https://sub.daais.sinica.edu.tw/grants/about.html,"李立文 02-27892575 
趙婉伶 02-27898067 
徐靜萍 02-27899351 
曾錦錚 02-27899386 
李家茵 02-27899476 
簡玫秀 02-27899676 
陳羿君 02-27872612 
白倩華 02-27872613 
張元貞 02-27872614",審查重點主要是解決重要關鍵問題、創新程度、預期影響程度和國際競爭力等方面的問題。
學術處計畫申請案,審查,創新程度和國際競爭力如何評估呢？,學術,https://sub.daais.sinica.edu.tw/grants/about.html,"李立文 02-27892575 
趙婉伶 02-27898067 
徐靜萍 02-27899351 
曾錦錚 02-27899386 
李家茵 02-27899476 
簡玫秀 02-27899676 
陳羿君 02-27872612 
白倩華 02-27872613 
張元貞 02-27872614",創新程度和國際競爭力的評估主要是透過計畫領域專家書面審查，然後再經過複審和決審三個階段。在這個過程中，複審委員會會根據各類計畫的表現和主題相近程度進行討論評比，再加上中研院的觀點，以確保評估的公平性和有效性。
學術處計畫申請案,審查,審查作業是如何分成三個階段進行的？,學術,https://sub.daais.sinica.edu.tw/grants/about.html,"李立文 02-27892575 
趙婉伶 02-27898067 
徐靜萍 02-27899351 
曾錦錚 02-27899386 
李家茵 02-27899476 
簡玫秀 02-27899676 
陳羿君 02-27872612 
白倩華 02-27872613 
張元貞 02-27872614",審查作業分成三個階段，先由計畫領域的專家進行書面審查，然後進入複審階段，最後進行決審。
學術處計畫申請案,審查,新制度下，各類研究計畫是如何由三個學組委員會評比的？,學術,https://sub.daais.sinica.edu.tw/grants/about.html,"李立文 02-27892575 
趙婉伶 02-27898067 
徐靜萍 02-27899351 
曾錦錚 02-27899386 
李家茵 02-27899476 
簡玫秀 02-27899676 
陳羿君 02-27872612 
白倩華 02-27872613 
張元貞 02-27872614",在新制度下，各類研究計畫是由數理科學、生命科學和人文社會科學三個學組的複審委員會進行討論評比，並結合中研院的觀點作出決策。這樣的作法有助於全面考慮各申請案的水準高低和主題相近程度，讓經費補助更公平和有效。
學術處計畫申請案,審查,這個審查方法如何確保經費補助的公平與效益呢？,學術,https://sub.daais.sinica.edu.tw/grants/about.html,"李立文 02-27892575 
趙婉伶 02-27898067 
徐靜萍 02-27899351 
曾錦錚 02-27899386 
李家茵 02-27899476 
簡玫秀 02-27899676 
陳羿君 02-27872612 
白倩華 02-27872613 
張元貞 02-27872614",這個審查方法主要是通過三個階段：書面審查、複審和決審來確保經費補助的公平與效益。首先，專家會對計畫進行書面審查。接著，相同領域的各類計畫會交由數理科學、生命科學、人文及社會科學三學組的複審委員會進行評比。最後，中研院會根據這些評分結果和自己的觀點進行決策。這種作法讓整個審查過程更全面地考慮到每個申請案子的水準高低和主題相近程度，從而確保經費補助更加公平和有效。
學術處計畫申請案,執行,中研院是如何依據不同計畫類型分配經費的呢？,學術,https://sub.daais.sinica.edu.tw/grants/comparison.html,"李立文 02-27892575
趙婉伶 02-27898067
徐靜萍 02-27899351
曾錦錚 02-27899386
李家茵 02-27899476
簡玫秀 02-27899676
陳羿君 02-27872612
白倩華 02-27872613
張元貞 02-27872614",中研院在分配經費時，會根據計畫的類型、是個人型還是團隊整合型、計畫的規模和深度、效益評估等因素來安排。他們會參考過去的經驗和分析檢討來嚴謹規劃分配，同時納入計畫審議的相關實務研究成果並加以修正。此外，他們還會進行期中報告審查、執行期滿報告評鑑、計畫變更和經費管控等追蹤管考評核作業，對每個計畫都有滾動式調整補助金額的機制，以確保最佳運作效益。
學術處計畫申請案,執行,這些研究計畫的滾動式調整補助金額機制是如何運作的？,學術,https://sub.daais.sinica.edu.tw/grants/comparison.html,"李立文 02-27892575
趙婉伶 02-27898067
徐靜萍 02-27899351
曾錦錚 02-27899386
李家茵 02-27899476
簡玫秀 02-27899676
陳羿君 02-27872612
白倩華 02-27872613
張元貞 02-27872614",這些研究計畫的滾動式調整補助金額機制是根據計畫的進度和成果，持續進行期中報告審查、執行期滿報告評鑑、計畫變更及經費管控等追蹤評核作業。經過評估後，會根據計畫的實際情況調整補助金額，以達到最佳運作效益。
學術處計畫申請案,執行,前瞻計畫是如何挑選具有國際競爭力和發展潛力的年輕學者的？,學術,https://sub.daais.sinica.edu.tw/grants/comparison.html,"李立文 02-27892575
趙婉伶 02-27898067
徐靜萍 02-27899351
曾錦錚 02-27899386
李家茵 02-27899476
簡玫秀 02-27899676
陳羿君 02-27872612
白倩華 02-27872613
張元貞 02-27872614",前瞻計畫會設立特定的計畫，讓年輕學者進行具有國際競爭力的前瞻性研究課題。這樣的方式有助於挑選出優秀且具有發展潛力的年輕學者，並培育他們成為世界頂尖的學術人才。
學術處計畫申請案,執行,中研院深耕計畫的申請和審查程序是怎麼樣的？,學術,https://sub.daais.sinica.edu.tw/grants/comparison.html,"李立文 02-27892575
趙婉伶 02-27898067
徐靜萍 02-27899351
曾錦錚 02-27899386
李家茵 02-27899476
簡玫秀 02-27899676
陳羿君 02-27872612
白倩華 02-27872613
張元貞 02-27872614",中研院深耕計畫的申請和審查程序非常嚴格，經過申請、推薦和審查後，候選人才能獲得五年的研究經費支持。
學術處計畫申請案,執行,主題研究計畫如何挑選最具前瞻性和代表性的研究主題？,學術,https://sub.daais.sinica.edu.tw/grants/comparison.html,"李立文 02-27892575
趙婉伶 02-27898067
徐靜萍 02-27899351
曾錦錚 02-27899386
李家茵 02-27899476
簡玫秀 02-27899676
陳羿君 02-27872612
白倩華 02-27872613
張元貞 02-27872614",主題研究計畫會在數理科學、生命科學和人文及社會科學三大領域中，挑選具有前瞻性和代表性的研究主題。他們的目標是發展出具有創造性和突破性的研究成果，以在基礎研究領域作出世界級的重要貢獻。
學術處計畫申請案,執行,關鍵突破計畫是如何挑選符合中研院和國家社會發展的關鍵學術議題的？,學術,https://sub.daais.sinica.edu.tw/grants/comparison.html,"李立文 02-27892575
趙婉伶 02-27898067
徐靜萍 02-27899351
曾錦錚 02-27899386
李家茵 02-27899476
簡玫秀 02-27899676
陳羿君 02-27872612
白倩華 02-27872613
張元貞 02-27872614",關鍵突破計畫會謹慎挑選跟中研院和國家社會發展相符的關鍵學術議題，這些議題通常勇於挑戰並突破現有瓶頸，像是基因與細胞療法、資料科學、空氣汙染、量子科技等。在挑選過程中，希望能找到有潛力解決重要科學和社會問題的研究計畫，並善盡國家最高研究機關和科學家的職責。
學術處計畫申請案,執行,這些研究計畫在未來希望解決哪些重要的科學和社會問題？,學術,https://sub.daais.sinica.edu.tw/grants/comparison.html,"李立文 02-27892575
趙婉伶 02-27898067
徐靜萍 02-27899351
曾錦錚 02-27899386
李家茵 02-27899476
簡玫秀 02-27899676
陳羿君 02-27872612
白倩華 02-27872613
張元貞 02-27872614",未來這些研究計畫希望解決的重要科學和社會問題包括基因與細胞療法、資料科學、空氣汙染、量子科技、未來社會、極權政權之社會調查、重大疾病與精準醫療、農業生技和健康長壽等領域的挑戰。這些研究不僅可以幫助我們克服目前面臨的困境，更可以讓我們善盡國家最高研究機關以及科學家的職責。
學術處計畫申請案-第三類型計畫,核心設施及新創儀器計畫,這個核心設施及新創儀器計畫是如何提升中研院的研究能力和競爭力的呢？,學術,https://daais.sinica.edu.tw/posts/30946?locale=zh-tw,中研院學術處,這個計畫主要透過充實和有效運用現有的研究資源，提高核心設施的服務品質和使用效能，並鼓勵研發新創研究儀器來提升中研院的研究能力和競爭力。這將有助於提高研究水準，加強與國際接軌，並促進國內科技創新和經濟發展。
學術處計畫申請案-第三類型計畫,核心設施及新創儀器計畫,要如何提高核心設施的服務品質和使用效能？,學術,https://daais.sinica.edu.tw/posts/30946?locale=zh-tw,中研院學術處,要提高核心設施的服務品質和使用效能，可以通過充實和有效運用現有的研究資源，並鼓勵研發新創研究儀器。此外，還可以進行專業人員培訓，以提高設施的維護保養水平，提昇特殊功能和支援特殊研究技術開發。
學術處計畫申請案-第三類型計畫,核心設施及新創儀器計畫,申請本計畫需要提交哪些文件？,學術,https://daais.sinica.edu.tw/posts/30946?locale=zh-tw,中研院學術處,要申請這個計畫，需要提交研究計畫書和個人履歷資料，還有近年主要著作目錄。
學術處計畫申請案-第三類型計畫,核心設施及新創儀器計畫,哪些研究設施或儀器符合補助對象的要求？,學術,https://daais.sinica.edu.tw/posts/30946?locale=zh-tw,中研院學術處,研究設施或儀器符合補助對象的要求包括：1. 符合中研院重點研究方向，如基因體學、蛋白質體學、代謝體學和其他生命科學相關熱門課題之研究；2. 中研院多單位或跨領域研究有共同需求的設施；3. 需要專業人員協助進行實驗的研究設施或儀器；4. 用於特殊研究技術開發或提昇設備特殊功能的研究設施或儀器。
學術處計畫申請案-第三類型計畫,核心設施及新創儀器計畫,這個計畫如何有助於促進國內科技創新和經濟發展？,學術,https://daais.sinica.edu.tw/posts/30946?locale=zh-tw,中研院學術處,這個計畫有助於促進國內科技創新和經濟發展，主要是通過提高中研院的研究能力和競爭力。這樣可以讓中研院在基因體學、蛋白質體學、代謝體學等生命科學領域有更高的研究水準。此外，提供先進的研究設施和儀器，讓不同單位或跨領域的研究團隊能夠共同使用，將有利於推動國內的科技創新和經濟發展。
核心設施及新創儀器計畫,核心設施建置型計畫,這個核心設施建置型計畫是不是給全院的人使用呢？,學術,https://daais.sinica.edu.tw/posts/30946?locale=zh-tw,中研院學術處,是的，這個核心設施建置型計畫的目標就是為了建立新的核心設施，然後讓全院的人都能使用。
核心設施及新創儀器計畫,核心設施建置型計畫,只有中研院專任助研究員以上或專任研究助技師以上的人能申請這個計畫嗎？,學術,https://daais.sinica.edu.tw/posts/30946?locale=zh-tw,中研院學術處,是的，只有中研院專任助研究員以上和專任研究助技師以上的人才能申請這個計畫。
核心設施及新創儀器計畫,核心設施建置型計畫,計畫期限最長可以到5年嗎？,學術,https://daais.sinica.edu.tw/posts/30946?locale=zh-tw,中研院學術處,是的，計畫期限最長可以到5年。
核心設施及新創儀器計畫,核心設施建置型計畫,如果想延續計畫，是不是要在計畫期滿前的最後一年提出申請？,學術,https://daais.sinica.edu.tw/posts/30946?locale=zh-tw,中研院學術處,是的，想要延續計畫的話，要在計畫期滿前的最後一年提出申請。
核心設施及新創儀器計畫,核心設施建置型計畫,申請書裡要詳細說明經費、設備、人員和資源需求以及計畫目標、方法和預期成果對吧？,學術,https://daais.sinica.edu.tw/posts/30946?locale=zh-tw,中研院學術處,對的，申請書裡要詳細說明所需的經費、設備、人員和其他資源，還要描述計畫的目標、方法以及預期成果。
核心設施及新創儀器計畫,核心設施建置型計畫,提交申請的時候要提供一個預估的時間表和進度說明嗎？,學術,https://daais.sinica.edu.tw/posts/30946?locale=zh-tw,中研院學術處,是的，申請時要提供一個預估的時間表和進度說明。
核心設施及新創儀器計畫,核心設施建置型計畫,我們需要提供一個評估計畫進度和成果的方法和標準以及預期貢獻和應用價值嗎？,學術,https://daais.sinica.edu.tw/posts/30946?locale=zh-tw,中研院學術處,是的，你需要在申請書中提供一個評估計畫進度和成果的方法和標準，並說明預期的貢獻和應用價值。
核心設施及新創儀器計畫,核心設施維運型計畫,核心設施維運型計畫是不是要讓全院同仁都能用共用研究設施呀？,學術,https://daais.sinica.edu.tw/posts/30946?locale=zh-tw,中研院學術處,對的，核心設施維運型計畫的目的就是讓申請人把各所設立的共用研究設施提供給全院同仁使用。
核心設施及新創儀器計畫,核心設施維運型計畫,只有中研院專任助研究員或專任研究助技師才能申請這個計畫對嗎？,學術,https://daais.sinica.edu.tw/posts/30946?locale=zh-tw,中研院學術處,
核心設施及新創儀器計畫,核心設施維運型計畫,計畫的期限可以是1到5年嗎？,學術,https://daais.sinica.edu.tw/posts/30946?locale=zh-tw,中研院學術處,對的，計畫的期限可以是1到5年。
核心設施及新創儀器計畫,核心設施維運型計畫,要怎麼延續計畫期限呢，是不是要在計畫結束前一年提交下一期的申請書？,學術,https://daais.sinica.edu.tw/posts/30946?locale=zh-tw,中研院學術處,對的，如果你想要延續計畫期限，在計畫結束的前一年，你可以提交下一期的申請書哦。
核心設施及新創儀器計畫,核心設施維運型計畫,申請書需要包含哪些詳細計畫呢，像是儀器設備、服務內容、收費價格之類的？,學術,https://daais.sinica.edu.tw/posts/30946?locale=zh-tw,中研院學術處,申請書要包括儀器設備、服務內容、收費價格，還需要說明使用和預約設備的程序和規則。此外，也要提供共用設施的預期效益和貢獻計畫，描述現有使用情況和運作狀況，評估方法和標準，以及預期的貢獻和應用價值。同時，也需要討論共用設施的擴展和更新，確保符合研究需要和技術發展。
核心設施及新創儀器計畫,核心設施維運型計畫,關於使用和預約設備的程序和規則要怎樣說明呢？,學術,https://daais.sinica.edu.tw/posts/30946?locale=zh-tw,中研院學術處,要說明使用和預約設備的程序和規則，你可以先介紹如何在線上申請預約設備，以及使用者需要提供的基本資料和聯絡方式。接著，解釋預約時要確保設備的空檔時間，以及使用者如何在規定時間內使用設備。最後，提醒使用者遵守相關規定，如愛護設備、按時歸還等，以確保良好的使用經驗和環境。
核心設施及新創儀器計畫,核心設施維運型計畫,是否需要在申請書中描述共用設施的現狀和運作情況？,學術,https://daais.sinica.edu.tw/posts/30946?locale=zh-tw,中研院學術處,對的，申請書中需要描述共用設施的現狀和運作情況。
核心設施及新創儀器計畫,核心設施維運型計畫,申請人要怎麼提供評估計畫進度和成果的方法和標準？,學術,https://daais.sinica.edu.tw/posts/30946?locale=zh-tw,中研院學術處,申請人在申請書中需要描述評估計畫進度和成果的方法和標準。這可能包括設定明確的目標、期望的成果和時間表，以及用來衡量成果的指標或標準。申請人也應該提出如何根據實際情況調整計畫和標準以確保順利進行。
核心設施及新創儀器計畫,核心設施維運型計畫,要如何描述預期的貢獻和應用價值呢？,學術,https://daais.sinica.edu.tw/posts/30946?locale=zh-tw,中研院學術處,要描述預期的貢獻和應用價值，你可以在申請書中說明這個計畫對研究人員和實驗室的幫助，像是提供更方便且高效率的儀器設備，讓研究人員能夠更容易地進行實驗和研究。此外，還可以解釋這個共用設施如何推動學術交流和合作，以及對相關領域的研究和技術開發有哪些正面影響。最後，也可以強調設施升級和擴展帶來的可能性，維持中研院在研究競爭中的優勢。
核心設施及新創儀器計畫,核心設施維運型計畫,. 要怎麼確保共用設施能跟上研究需要和技術發展的擴展和更新？,學術,https://daais.sinica.edu.tw/posts/30946?locale=zh-tw,中研院學術處,要確保共用設施能跟上研究需要和技術發展的擴展和更新，申請人應該在申請書中討論共用設施的擴展和更新計畫。這樣可以確保共用設施始終符合研究需要和技術發展。
核心設施及新創儀器計畫,新創儀器開發型計畫,這個新創儀器開發型計畫是幫助研究儀器進步的嗎？,學術,https://daais.sinica.edu.tw/posts/30946?locale=zh-tw,中研院學術處,對的，新創儀器開發型計畫就是為了研發新的研究儀器或設施，然後把它們設成核心設施供中研院的同仁使用。
核心設施及新創儀器計畫,新創儀器開發型計畫,申請這個計畫的資格是不是只限於中研院的專任助研究員或專任研究助技師？,學術,https://daais.sinica.edu.tw/posts/30946?locale=zh-tw,中研院學術處,是的，申請這個計畫的資格確實只限於中研院的專任助研究員或專任研究助技師以上的人員。
核心設施及新創儀器計畫,新創儀器開發型計畫,一個計畫可以持續最多五年嗎？,學術,https://daais.sinica.edu.tw/posts/30946?locale=zh-tw,中研院學術處,是的，這個計畫可以持續最多五年。
核心設施及新創儀器計畫,新創儀器開發型計畫,計畫接近結束時，可以提前申請下一期的計畫，對吧？,學術,https://daais.sinica.edu.tw/posts/30946?locale=zh-tw,中研院學術處,是的，計畫快結束時，還有1年的時候，就可以申請下一期的計畫了。
核心設施及新創儀器計畫,新創儀器開發型計畫,申請書裡要詳細說明經費、設備、人員和其他資源的需求，對嗎？,學術,https://daais.sinica.edu.tw/posts/30946?locale=zh-tw,中研院學術處,對，申請書裡要詳細說明所需的經費、設備、人員和其他資源。
核心設施及新創儀器計畫,新創儀器開發型計畫,申請人需要提出計畫的目標、方法和預期成果，那也要附上預估的時間表嘛？,學術,https://daais.sinica.edu.tw/posts/30946?locale=zh-tw,中研院學術處,是的，申請人需要在申請書中提供一個預估的時間表，說明計畫實施的步驟和進度。
核心設施及新創儀器計畫,新創儀器開發型計畫,除了描述計劃目標和預期成果，還需要提供評估進度和成果的標準以及應用價值嗎？,學術,https://daais.sinica.edu.tw/posts/30946?locale=zh-tw,中研院學術處,是的，除了說明計劃目標和預期成果，申請人還需要提供評估計畫進度和成果的方法和標準，以及預期的貢獻和應用價值。
核心設施及新創儀器計畫,全院性核心設施,全院性核心設施是不是對中央研究院的所有研究人員都開放的？,學術,https://daais.sinica.edu.tw/pages/519,中研院學術處,是的，全院性核心設施對中央研究院的所有研究人員都開放。
核心設施及新創儀器計畫,全院性核心設施,使用這些全院性核心設施需要支付費用嗎？,學術,https://daais.sinica.edu.tw/pages/519,中研院學術處,是的，使用這些全院性核心設施需要支付費用，主要是為了回收維護成本。
核心設施及新創儀器計畫,全院性核心設施,除了提供最新的儀器設備，還有哪些方面的協助呢？,學術,https://daais.sinica.edu.tw/pages/519,中研院學術處,除了提供最新的儀器設備，全院性核心設施還有專職人員可以協助設計實驗、進行樣品檢測和實驗資料分析。同時也提供儀器操作人員培訓和專業技術諮詢。
核心設施及新創儀器計畫,全院性核心設施,這些全院性核心設施是否專精於不同的技術領域？,學術,https://daais.sinica.edu.tw/pages/519,中研院學術處,是的，全院性核心設施專精於不同的技術領域，能提供科學實驗研究所需的科學儀器、產品研發的尖端技術，以及儀器操作人員培訓和專業技術諮詢。
核心設施及新創儀器計畫,全院性核心設施,如果我想使用全院性核心設施，應該如何查詢聯絡資料呢？,學術,https://daais.sinica.edu.tw/pages/519,中研院學術處,如果想使用全院性核心設施，可以到各核心設施網站查看設施承辦人員的聯絡資料。另外，有關各個設施的詳細說明，可以參見這個網址：https://daais.sinica.edu.tw/pages/519。
核心設施及新創儀器計畫,全院性核心設施,若有關於設施的詳細說明，我該參考哪個網站呢？,學術,https://daais.sinica.edu.tw/pages/519,中研院學術處,要查看設施的詳細說明，你可以參考這個網站：https://daais.sinica.edu.tw/pages/519。
核心設施及新創儀器計畫,全院性核心設施,除了中央研究院的研究人員之外，院外單位可以使用全院性核心設施嗎？,學術,https://daais.sinica.edu.tw/pages/519,中研院學術處,院外單位在全院性核心設施的各項服務有餘裕時，是可以使用的。不過建議先到各核心設施網站查看承辦人員的聯絡資料和確認是否有資源提供。
全院性核心設施,基因轉殖鼠核心設施,這個基因轉殖鼠核心設施是幫助研究人員生產基因改造小鼠的地方嗎？,學術,https://www.imb.sinica.edu.tw/TCF,中研院學術處,對的，這個基因轉殖鼠核心設施就是專門幫助研究人員生產基因改造小鼠的地方，還提供其他相關的技術服務。
全院性核心設施,基因轉殖鼠核心設施,基因轉殖鼠核心設施已經成功建立了哪兩種基因編輯技術呢？,學術,https://www.imb.sinica.edu.tw/TCF,中研院學術處,基因轉殖鼠核心設施成功建立了類轉錄活化因數核酸（TALEN）和常間回文重複序列叢集關聯蛋白（CRISPR）這兩種基因編輯技術。
全院性核心設施,基因轉殖鼠核心設施,知名的TALEN和CRISPR技術名字是縮寫吧？,學術,https://www.imb.sinica.edu.tw/TCF,中研院學術處,對的，TALEN和CRISPR都是縮寫。TALEN是Transcription Activator-like Effectors Nuclease的縮寫，而CRISPR則是Clustered Regularly Interspaced Short Palindromic Repeats的縮寫，它們都是用來產製基因改造小鼠的基因編輯技術。
全院性核心設施,基因轉殖鼠核心設施,他們每年都會導入新的研究技術來提高實驗效率嗎？,學術,https://www.imb.sinica.edu.tw/TCF,中研院學術處,是的，他們每年都會引進新的研究技術，以提高基因編輯實驗的效率並期望縮短生產基因改造小鼠的時間。
全院性核心設施,基因轉殖鼠核心設施,從TALEN/CRISPR技術到體外受精，這個設施提供哪些主要的專案？,學術,https://www.imb.sinica.edu.tw/TCF,中研院學術處,這個設施主要提供的專案包括產製基因轉殖或剔除的小鼠、使用TALEN/CRISPR技術產製基因修飾小鼠、小鼠胚胎幹細胞的基因標的、條件式基因剔除、嵌合鼠產製、胚胎冷凍、精子冷凍、體外受精和胚胎移植等。此外，他們還提供工具鼠和基因轉殖鼠實驗設計諮詢等服務。
全院性核心設施,基因轉殖鼠核心設施,這個基因轉殖鼠核心設施主要的設備都有哪些呢？,學術,https://www.imb.sinica.edu.tw/TCF,中研院學術處,這個基因轉殖鼠核心設施的主要設備包括基因轉殖器、顯微注射系統、拉針器和鑄針器。
全院性核心設施,基因轉殖鼠核心設施,這個核心設施是由誰管理的，他的職位是什麼？,學術,https://www.imb.sinica.edu.tw/TCF,中研院學術處,這個核心設施是由蔡青宴管理的，他的職位是研究副技師。
全院性核心設施,基因轉殖鼠核心設施,我想了解更多關於基因轉殖鼠核心設施的資訊，哪裡可以查到使用規則、收費標準和聯繫方式呢？,學術,https://www.imb.sinica.edu.tw/TCF,中研院學術處,如果你想了解更多關於基因轉殖鼠核心設施的資訊，包括使用規則、收費標準和聯繫方式，可以到這個網址查看：https://www.imb.sinica.edu.tw/TCF/。
全院性核心設施,公用動物設施,這個公用動物設施主要是為了提供什麼樣的服務呢？,學術,https://ascore.sinica.edu.tw/,中研院學術處,這個公用動物設施主要是為了提供中研院研究同仁一個符合無特定病原的實驗動物代養空間，以及提供實驗鼠麻醉、操作、採樣和監測小鼠生理訊號用儀器設備借用服務。
全院性核心設施,公用動物設施,申請使用公用動物設施前需要哪些審核程序？,學術,https://ascore.sinica.edu.tw/,中研院學術處,申請使用公用動物設施前，首先研究計畫要經過中研院實驗動物照護及使用委員會（IACUC）審查通過，然後要備妥動物健康監測報告讓設施承辦人員審查，通過之後才能辦理實驗動物入室程序。
全院性核心設施,公用動物設施,無特定病源SPF小鼠代養服務是什麼意思？,學術,https://ascore.sinica.edu.tw/,中研院學術處,無特定病源SPF小鼠代養服務是指提供一個沒有特定病原體的環境，讓這些小鼠在這樣的環境下生活和繁衍，以確保它們不會受到疾病的影響。這樣可以有效地維持實驗的穩定性和可靠性。
全院性核心設施,公用動物設施,該設施主要支援哪些類型的動物實驗？,學術,https://ascore.sinica.edu.tw/,中研院學術處,該設施主要支援腫瘤試驗、藥物測試、免疫、神經和發育相關等動物實驗。
全院性核心設施,公用動物設施,公用動物設施的主要設備有哪些？,學術,https://ascore.sinica.edu.tw/,中研院學術處,公用動物設施的主要設備包括獨立通氣飼養系統、生物安全櫃、氣麻機和活體冷光系統。
全院性核心設施,公用動物設施,設施位於哪個樓層？由誰負責管理？,學術,https://ascore.sinica.edu.tw/,中研院學術處,設施位在10樓，由徐志文副研究員負責管理。
全院性核心設施,公用動物設施,如何查詢公用動物設施的使用規則、收費標準及聯繫方式？,學術,https://ascore.sinica.edu.tw/,中研院學術處,你可以到這個網站查詢公用動物設施的使用規則、收費標準和聯繫方式：https://ascore.sinica.edu.tw/
全院性核心設施,生物物理核心設施,生物物理核心設施是開放給哪些人使用的呢？,學術,http://bcf.daais.sinica.edu.tw/index_C.html,中研院學術處,生物物理核心設施主要是開放給中研院的研究人員，以及國內大學和其他學術研究機構的人士使用。
全院性核心設施,生物物理核心設施,我可以在這個設施裡做哪些分子定性分析呢？,學術,http://bcf.daais.sinica.edu.tw/index_C.html,中研院學術處,在生物物理核心設施裡，你可以使用各種分子定性分析儀器來了解生物分子的物理化學性質，例如粒徑大小、分子量，以及生物分子間交互作用的熱力學、動力學和結構學資訊。主要設備有分析型超高速離心機、表面電漿共振式生物分子感測器、圓二色儀、等溫滴定測焓儀、熱示差式掃描熱卡計、蛋白穩定性分析儀、高通量生物薄膜干涉儀、動態光散射儀和黏度計及密度計等。最後需要注意的是，各設施的收費標準和使用規則可以進一步透過這個網址查看：http://bcf.daais.sinica.edu.tw/index_C.html。
全院性核心設施,生物物理核心設施,該設施有提供教育訓練和儀器操作認證課程嗎？,學術,http://bcf.daais.sinica.edu.tw/index_C.html,中研院學術處,是的，該設施不僅會不定期辦理各項儀器的教育訓練，還提供付費參加的儀器操作認證課程。合格後的使用者可以預約儀器自行操作。
全院性核心設施,生物物理核心設施,如果我想要預約使用其中的一台儀器，需要付費嗎？,學術,http://bcf.daais.sinica.edu.tw/index_C.html,中研院學術處,"是的，如果你想要預約使用儀器，需要付費。具體的收費標準可以參考他們的官方網站：
http://bcf.daais.sinica.edu.tw/index_C.html"
全院性核心設施,生物物理核心設施,該設施位於哪個地方呢？,學術,http://bcf.daais.sinica.edu.tw/index_C.html,中研院學術處,這個設施位在中研院生物化學研究所4樓的402室。
全院性核心設施,生物物理核心設施,有關使用規則和聯繫方式，我可以在哪裡找到相關資訊？,學術,http://bcf.daais.sinica.edu.tw/index_C.html,中研院學術處,你可以在生物物理核心設施的官方網站找到使用規則、收費標準和聯繫方式等資訊。網址是：http://bcf.daais.sinica.edu.tw/index_C.html。
全院性核心設施,生物安全第三等級實驗室,這個生物安全第三等級實驗室是在哪一年開始啟用的？,學術,https://www.ibms.sinica.edu.tw/support_dep/full_version/index28.html,中研院學術處,生物安全第三等級實驗室是在2009年6月開始啟用的。
全院性核心設施,生物安全第三等級實驗室,主要的研究對象是中研院的人員還是其他機構的人員？,學術,https://www.ibms.sinica.edu.tw/support_dep/full_version/index28.html,中研院學術處,主要的研究對象是中研院的研究人員，不過也會和國內公私立大學、研究機構及生技業者進行研究合作。
全院性核心設施,生物安全第三等級實驗室,這個P3實驗室可以做哪些類型的實驗？,學術,https://www.ibms.sinica.edu.tw/support_dep/full_version/index28.html,中研院學術處,這個P3實驗室主要可以進行危險性生物安全等三級Risk Group 3病毒的操作實驗，不過不包括細菌感染和動物實驗。同時，這個實驗室能夠提高台灣的危險性病毒研究、防治和生物安全防護能力。
全院性核心設施,生物安全第三等級實驗室,操作人員在使用P3實驗室前需要接受哪些訓練和認證？,學術,https://www.ibms.sinica.edu.tw/support_dep/full_version/index28.html,中研院學術處,在使用P3實驗室前，操作人員需要依照實驗室的標準作業程序接受訓練，通過認證後才能獨立操作危險性病原進行實驗。
全院性核心設施,生物安全第三等級實驗室,這個P3實驗室的主要設備有哪些？,學術,https://www.ibms.sinica.edu.tw/support_dep/full_version/index28.html,中研院學術處,主要設備包括全負壓環境和Class II-A2、B2的生物安全操作櫃。
全院性核心設施,生物安全第三等級實驗室,我們可以在哪裡查詢關於這個實驗室的使用規則、收費標準和聯繫方式？,學術,https://www.ibms.sinica.edu.tw/support_dep/full_version/index28.html,中研院學術處,你可以在中研院生物醫學科學研究所的網站上查詢這個實驗室的相關資訊，網址是 https://www.ibms.sinica.edu.tw/support_dep/full_version/index28.html 。
全院性核心設施,實驗植物核心溫室設施,這個實驗植物核心溫室設施主要是提供給哪些單位使用呢？,學術,http://abrc.sinica.edu.tw/greenhouse/,中研院學術處,這個實驗植物核心溫室設施主要是提供給中研院研究人員、國內大學以及其他學術研究機構使用。
全院性核心設施,實驗植物核心溫室設施,如何預約使用這個溫室設施呢？,學術,http://abrc.sinica.edu.tw/greenhouse/,中研院學術處,要預約使用這個溫室設施，你可以參考中研院實驗植物核心溫室設施的官方網站http://abrc.sinica.edu.tw/greenhouse/，在那裡你可以找到使用規則、收費標準和聯繫方式。
全院性核心設施,實驗植物核心溫室設施,這個設施有提供哪些專業服務，能幫助研究員們呢？,學術,http://abrc.sinica.edu.tw/greenhouse/,中研院學術處,這個設施提供植物生長空間、植物基因轉殖服務、植物種植代客操作、介質管理資材服務，以及專人協助維持植物生長設備恆定溫溼度、管理病蟲害和土壤施肥培養等服務，方便研究員進行植物生長發育相關研究。
全院性核心設施,實驗植物核心溫室設施,設施內有多少單元可以供研究員使用呢？,學術,http://abrc.sinica.edu.tw/greenhouse/,中研院學術處,設施內有140個單元可以供研究員使用。
全院性核心設施,實驗植物核心溫室設施,除了基本的植物生長設備之外，還有哪些方便實驗操作的附屬設施？,學術,http://abrc.sinica.edu.tw/greenhouse/,中研院學術處,除了基本的植物生長設備外，還有植物攝影室、介質室、土壤準備室和公用實驗室等方便實驗操作的附屬設施。
全院性核心設施,實驗植物核心溫室設施,主要設備有哪些呢？,學術,http://abrc.sinica.edu.tw/greenhouse/,中研院學術處,主要設備有走入式生長室、高光照生長室、單門、雙門植物生長箱、網室及玻璃房溫室、實驗植物攝影室和高壓滅菌鍋。
全院性核心設施,實驗植物核心溫室設施,該設施位於中研院的哪個區域？,學術,http://abrc.sinica.edu.tw/greenhouse/,中研院學術處,該設施位於中研院生科大道底新溫室大樓和分子育種溫室。
全院性核心設施,實驗植物核心溫室設施,如何查詢實驗植物核心溫室設施的使用規則、收費標準和聯繫方式？,學術,http://abrc.sinica.edu.tw/greenhouse/,中研院學術處,要查詢實驗植物核心溫室設施的使用規則、收費標準和聯繫方式，你可以參考這個網址：http://abrc.sinica.edu.tw/greenhouse/ 。
全院性核心設施,實驗植物核心溫室設施,能否尋求專人協助維持植物生長設備之恆定溫溼度、管理病蟲害和土壤施肥培養等服務？,學術,http://abrc.sinica.edu.tw/greenhouse/,中研院學術處,當然可以，實驗植物核心溫室設施會提供專人協助維持植物生長設備的恆定溫溼度、管理病蟲害和土壤施肥培養等服務喔。
全院性核心設施,核酸定序設施,這個核酸定序設施是在哪一年開始提供服務的？,學術,https://www.ibms.sinica.edu.tw/support_dep/index21.html,中研院學術處,這個核酸定序設施是在2005年開始提供服務的。
全院性核心設施,核酸定序設施,主要為哪些機構提供服務呢？,學術,https://www.ibms.sinica.edu.tw/support_dep/index21.html,中研院學術處,主要為中研院研究人員、國內大學及其他學術研究機構提供服務。
全院性核心設施,核酸定序設施,Sanger定序法有什麼特點，為什麼選擇它來進行核酸定序分析？,學術,https://www.ibms.sinica.edu.tw/support_dep/index21.html,中研院學術處,Sanger定序法的特點是快速且準確，它是確認短片段（小於1Kbp）基因序列的首選工具。使用它進行核酸定序分析，可以確保結果的正確性，因此我們選擇它來進行核酸定序分析。
全院性核心設施,核酸定序設施,是否有專職人員來操作和分析樣品呢？,學術,https://www.ibms.sinica.edu.tw/support_dep/index21.html,中研院學術處,對的，設施服務有專職人員負責操作儀器和分析樣品。
全院性核心設施,核酸定序設施,主要的服務專案都包括哪些呢？,學術,https://www.ibms.sinica.edu.tw/support_dep/index21.html,中研院學術處,主要的服務專案包括質體雙股DNA定序、科斯質粒載體DNA定序、PCR產物DNA定序，以及核酸定序實驗設計諮詢。
全院性核心設施,核酸定序設施,該設施主要使用的設備都有哪些？,學術,https://www.ibms.sinica.edu.tw/support_dep/index21.html,中研院學術處,該設施主要使用的設備有兩個，一個是ABI 3730xl DNA核酸分析系統，另一個是梯度型核酸擴增儀。
全院性核心設施,核酸定序設施,核酸定序設施位於中研院的哪個地方？,學術,https://www.ibms.sinica.edu.tw/support_dep/index21.html,中研院學術處,核酸定序設施位於中研院生物醫學研究所的7樓N719室。
全院性核心設施,核酸定序設施,負責管理這個設施的人是誰？,學術,https://www.ibms.sinica.edu.tw/support_dep/index21.html,中研院學術處,負責管理這個設施的人是李福安研究助技師。
全院性核心設施,核酸定序設施,如何查詢有關核酸定序設施的使用規則、收費標準以及聯繫方式？,學術,https://www.ibms.sinica.edu.tw/support_dep/index21.html,中研院學術處,要查詢核酸定序設施的使用規則、收費標準和聯繫方式，可以到這個網址查看：https://www.ibms.sinica.edu.tw/support_dep/index21.html
全院性核心設施,生命科學電顯核心設施,生命科學電顯核心設施主要是為了哪些服務專案而設立的呢？,學術,https://sl.icob.sinica.edu.tw/image-core/Core%20Facilities/Data/R140/r140.html#intr,中研院學術處,生命科學電顯核心設施主要為了以下幾個服務專案而設立：1. 提供樣品製備服務，如負染色、金屬投影、組織包埋等；2. 電子顯微攝像服務；3. 為需要獨立使用設施的使用者提供一對一儀器教學；4. 電子顯微實驗設計諮詢服務。
全院性核心設施,生命科學電顯核心設施,這個設施所提供的主要設備有哪些？,學術,https://sl.icob.sinica.edu.tw/image-core/Core%20Facilities/Data/R140/r140.html#intr,中研院學術處,這個設施主要提供的設備有：1. FEI Tecnai G2 F20 S-Twin 場發射穿透式電子顯微鏡；2. FEI Quanta 200 掃描式電子顯微鏡；3. 生物樣品微波處理器；4. Leica 高壓冷凍及自動冷凍置換系統；5. 超高真空鍍碳裝置暨輝光放電系統；6. 超薄切片機。
全院性核心設施,生命科學電顯核心設施,如果我需要獨立使用設施設備，是否能提供一對一儀器教學服務？,學術,https://sl.icob.sinica.edu.tw/image-core/Core%20Facilities/Data/R140/r140.html#intr,中研院學術處,是的，如果你需要獨立使用設施設備，他們會提供一對一儀器教學服務。
全院性核心設施,生命科學電顯核心設施,生命科學電顯核心設施主要為哪些人群提供服務？,學術,https://sl.icob.sinica.edu.tw/image-core/Core%20Facilities/Data/R140/r140.html#intr,中研院學術處,生命科學電顯核心設施主要為中研院研究人員、國內大學和民間企業研發人員提供服務。
全院性核心設施,生命科學電顯核心設施,我可以在哪裡查看使用規則、收費標準及聯繫方式呢？,學術,https://sl.icob.sinica.edu.tw/image-core/Core%20Facilities/Data/R140/r140.html#intr,中研院學術處,你可以在這個網址看到使用規則、收費標準和聯繫方式喔：https://sl.icob.sinica.edu.tw/image-core/Core%20Facilities/Data/R140/r140.html#intr
全院性核心設施,新世代基因體定序核心設施,新世代基因體定序核心設施是為了什麼目的而設立的呢？,學術,http://ngs.biodiv.tw/NGSCore/,中研院學術處,新世代基因體定序核心設施最初是為了支持國家型生質能研究計劃的菌種定序而設立的。後來在中研院核酸定序使用者委員會的推動下，開始提供服務給全院同仁，也陸續為其他學術研究機構提供服務。
全院性核心設施,新世代基因體定序核心設施,它的主要服務對象是誰？,學術,http://ngs.biodiv.tw/NGSCore/,中研院學術處,主要服務對象是中研院的研究人員、國內大學和其他學術研究機構。
全院性核心設施,新世代基因體定序核心設施,這個設施提供哪些主要的服務專案？,學術,http://ngs.biodiv.tw/NGSCore/,中研院學術處,這個設施主要提供五項服務專案，包括DNA/RNA樣品的品質測試，建置基因文庫和文庫品質測試，利用內參基因校準轉錄效果，基因體定序和NGS基因組定序實驗設計諮詢服務。
全院性核心設施,新世代基因體定序核心設施,有哪些主要設備在這個設施里？,學術,http://ngs.biodiv.tw/NGSCore/,中研院學術處,這個設施裡的主要設備包括Illumina HiSeq 2500高通量基因體分析系統、Illumina MiSeq基因體多功能分析系統、Illumina NextSeq 2000高通量基因體定序系統、PacBio Sequel system三代定序儀、Oxford Nanopore GridION MK1三代單分子高通量基因體定序系統、10x Genomics Chromium單細胞解析系統、Agilent BioAnalyzer生化分析儀、Agilent Fragment Analyzer生化分析儀、Agilent FEMTO Pulse Automated Pulsed-Field Capillary Electrophoresis超微量自動化脈衝場毛細管電泳分析儀、M220聚焦超聲儀以及Sage Science BluePippin和ELF全自動DNA片段回收系統。
全院性核心設施,新世代基因體定序核心設施,設施主管是誰，他/她的職位是什麼？,學術,http://ngs.biodiv.tw/NGSCore/,中研院學術處,設施主管是呂美曄，他的職位是研究技師。
全院性核心設施,新世代基因體定序核心設施,新世代基因體定序核心設施位於哪裡？,學術,http://ngs.biodiv.tw/NGSCore/,中研院學術處,新世代基因體定序核心設施位於中研院跨領域科技研究大樓的6樓A603室喔。
全院性核心設施,新世代基因體定序核心設施,要了解使用規則、收費標準和聯繫方式，我們該去哪裡查詢？,學術,http://ngs.biodiv.tw/NGSCore/,中研院學術處,要了解使用規則、收費標準和聯繫方式，你可以去這個網站查詢：http://ngs.biodiv.tw/NGSCore/。
全院性核心設施,神經科學核心實驗室,神經科學核心實驗室主要提供哪兩類型的服務呢？,學術,http://npas.programs.sinica.edu.tw/npas_core_facility.html,中研院學術處,神經科學核心實驗室主要提供電生理和影像兩類型的服務。
全院性核心設施,神經科學核心實驗室,實驗室是否對院外學術單位開放申請？,學術,http://npas.programs.sinica.edu.tw/npas_core_facility.html,中研院學術處,是的，神經電生理實驗室對院外學術單位開放申請，歡迎院內、院外學者多加利用。
全院性核心設施,神經科學核心實驗室,他們的主要服務專案有哪些呢？,學術,http://npas.programs.sinica.edu.tw/npas_core_facility.html,中研院學術處,他們的主要服務專案包括組織切片的細胞外群體興奮性突觸後電位記錄、平面微電極陣列記錄、全細胞鉗膜記錄、鈣離子影像記錄、共軛焦顯微影像擷取、光刺激等影像分析實驗，以及電壓敏感染料的膜電位光學記錄。
全院性核心設施,神經科學核心實驗室,可以在神經科學核心實驗室找到哪些主要設備？,學術,http://npas.programs.sinica.edu.tw/npas_core_facility.html,中研院學術處,在神經科學核心實驗室，你可以找到以下這些主要設備：電生理訊號記錄平台搭配光刺激光源系統、ED64 微電極陣列記錄系統、Zeiss倒立顯微鏡全細胞鉗膜記錄平台、Zeiss observer.D1 鈣離子影像平台、Zeiss LSM880共軛焦顯微鏡（含Airyscan 及活體實驗功能）、MiCAM05 影像平台、震盪切片機 D.S.K. microslicer DTK-1000、水平式拉針器 SUTTER MODEL P-97 Pipette puller、玻璃電極拉針器 NARISHIGE PC-10、滲透壓檢測儀 Micro-Osmometer Model 3300，以及IMARIS 影像軟體。
全院性核心設施,神經科學核心實驗室,實驗室設施位於哪個位置？,學術,http://npas.programs.sinica.edu.tw/npas_core_facility.html,中研院學術處,實驗室設施位在中研院跨領域科技研究大樓地下二樓的I-07室。
全院性核心設施,神經科學核心實驗室,負責管理實驗室的人員分別來自哪兩個研究所？,學術,http://npas.programs.sinica.edu.tw/npas_core_facility.html,中研院學術處,管理實驗室的人員分別來自生物醫學科學研究所和分子生物研究所。
全院性核心設施,神經科學核心實驗室,如何查詢神經科學核心實驗室的使用規則、收費標準和聯繫方式？,學術,http://npas.programs.sinica.edu.tw/npas_core_facility.html,中研院學術處,要查詢神經科學核心實驗室的使用規則、收費標準和聯繫方式，可以直接上他們的網站，網址是http://npas.programs.sinica.edu.tw/npas_core_facility.html。在這個網站上你會找到你需要的所有資訊。
全院性核心設施,轉殖植物核心實驗室,轉殖植物核心實驗室是從哪年開始提供服務的呢？,學術,http://abrc.sinica.edu.tw/transplant/,中研院學術處,轉殖植物核心實驗室從1998年7月開始提供服務。
全院性核心設施,轉殖植物核心實驗室,主要提供哪些服務專案呢？,學術,http://abrc.sinica.edu.tw/transplant/,中研院學術處,主要提供的服務專案有8種植物的農桿菌轉殖服務、植物基因轉殖實驗材料、基因槍使用，以及植物基因轉殖實驗設計諮詢服務和教育訓練課程。
全院性核心設施,轉殖植物核心實驗室,這個實驗室的設施有哪些呢？,學術,http://abrc.sinica.edu.tw/transplant/,中研院學術處,實驗室的主要設備包括走入式生長箱、桌上型基因槍BIO-RAD PDS-1000和手持式基因槍、指數波與方形波電穿孔儀、螢光顯微鏡、解剖顯微鏡、震盪式切片機、無菌操作台、滅菌鍋和植物組織培養相關設備。
全院性核心設施,轉殖植物核心實驗室,轉殖植物核心實驗室的地址是哪裡？,學術,http://abrc.sinica.edu.tw/transplant/,中研院學術處,轉殖植物核心實驗室位於中研院生科大道底新溫室大樓的二樓。
全院性核心設施,轉殖植物核心實驗室,有哪位人員負責管理這個實驗室呢？,學術,http://abrc.sinica.edu.tw/transplant/,中研院學術處,管理這個實驗室的是農業生物科技研究中心的匡麟芸研究助技師。
全院性核心設施,轉殖植物核心實驗室,如何查詢轉殖植物核心實驗室的使用規則、收費標準以及聯繫方式呢？,學術,http://abrc.sinica.edu.tw/transplant/,中研院學術處,要查詢轉殖植物核心實驗室的使用規則、收費標準和聯繫方式，你可以到這個網址看看：http://abrc.sinica.edu.tw/transplant/。
進駐生醫轉譯研究中心非專屬核心設施,藥物合成及分析核心設施,藥物合成及分析核心設施主要是用來幫助解決哪些問題呢？,學術,https://biotrec.sinica.edu.tw/posts/135856,中研院學術處,藥物合成及分析核心設施主要是用來幫助解決藥物研發相關的合成和分析問題，包括提供高精密和高解析度的結構鑑定和定量分析服務，以及利用高階化學合成技術開發新藥和客製化專案。
進駐生醫轉譯研究中心非專屬核心設施,藥物合成及分析核心設施,這個設施主要分為哪三個單元呢？,學術,https://biotrec.sinica.edu.tw/posts/135856,中研院學術處,這個設施主要分成三個單元，分別是核磁共振核心設施、質譜核心設施和化學及藥物合成單元。
進駐生醫轉譯研究中心非專屬核心設施,藥物合成及分析核心設施,你們的核磁共振及質譜分析核心設施單元是和中研院生醫轉譯研究中心共建的嗎？,學術,https://biotrec.sinica.edu.tw/posts/135856,中研院學術處,是的，我們的核磁共振和質譜分析核心設施單元是跟中研院生醫轉譯研究中心創服育成中心共同建立的。
進駐生醫轉譯研究中心非專屬核心設施,藥物合成及分析核心設施,化學及藥物合成單元提供哪些高階化學合成技術呢？,學術,https://biotrec.sinica.edu.tw/posts/135856,中研院學術處,化學及藥物合成單元提供的高階化學合成技術包括不對稱合成、新型藥物代謝中間體合成、小分子與生物製劑偶連、標準樣品合成、可量化合成途徑規劃、新穎合成途徑規劃和合成技術諮詢等服務。
進駐生醫轉譯研究中心非專屬核心設施,藥物合成及分析核心設施,這項服務未來如何帶動國內生技產業提高研發能量呢？,學術,https://biotrec.sinica.edu.tw/posts/135856,中研院學術處,未來這項服務將帶動國內生技產業提高研發能量，主要是透過提供高精密和高解析度的結構鑑定及定量分析服務，滿足大小分子藥物開發的需求。此外，透過高階化學合成技術，如不對稱合成、新型藥物代謝中間體合成等，協助客制化新藥開發專案。最後，與國家生技研究園區和中研院高磁場實驗室共同建立NMR及MRI相關研究聚落，從小分子合成到大分子結構分析，涵蓋動物及分子影像，提供生技廠商一站式專業服務及諮詢。
進駐生醫轉譯研究中心非專屬核心設施,藥物合成及分析核心設施,這個設施能提供生技廠商哪些專業服務及諮詢呢？,學術,https://biotrec.sinica.edu.tw/posts/135856,中研院學術處,這個設施可以為生技廠商提供很多專業的服務和諮詢，包括核磁共振、質譜分析、化學和藥物合成等。除此之外，還有提供從小分子合成到大分子結構分析、動物和分子影像的一站式專業服務和諮詢。
進駐生醫轉譯研究中心非專屬核心設施,藥物合成及分析核心設施,我可以在哪裡了解更多關於各個單元的介紹、使用規則、收費標準及聯繫方式呢？,學術,https://biotrec.sinica.edu.tw/posts/135856,中研院學術處,"你可以在這幾個網址了解更多資訊喔：
核磁共振：https://biotrec.sinica.edu.tw/pages/2115
質譜分析：https://biotrec.sinica.edu.tw/pages/2116
化學及藥物合成：https://biotrec.sinica.edu.tw/pages/2118"
進駐生醫轉譯研究中心非專屬核心設施,人類治療性抗體研發平台,這個人類治療性抗體研發平台是怎麼幫助生技界開發新藥的呢？,學術,https://biotrec.sinica.edu.tw/pages/2091,中研院學術處,這個研發平台主要是協助生技界開發具潛力的抗體，加快新抗體藥物的轉譯驗證和臨床試驗，從而為新藥產業創造利基。平台已經成功建立了包含超過600億株人類抗體的噬菌體顯現人類天然抗體庫，並通過定序分析證實了抗體的多樣性。此外，平台還提供多項服務，如人類抗體製備、單株抗體製備等，以滿足客戶的需求。
進駐生醫轉譯研究中心非專屬核心設施,人類治療性抗體研發平台,噬菌體顯現抗體庫製備人類抗體的過程是什麼樣的？,學術,https://biotrec.sinica.edu.tw/pages/2091,中研院學術處,噬菌體顯現抗體庫製備人類抗體的過程主要是把大量的人類抗體呈現在噬菌體表面，然後對目標抗原進行篩選。經過篩選後，我們可以找到具有高度專一性和親和力的人類抗體，這些抗體可以用於疾病治療和藥物開發。
進駐生醫轉譯研究中心非專屬核心設施,人類治療性抗體研發平台,小鼠腹水抗體生產和純化是如何進行的？,學術,https://biotrec.sinica.edu.tw/pages/2091,中研院學術處,"小鼠腹水抗體生產和純化的過程主要包括以下幾個步驟：

1.首先，將具有抗體生產能力的融合瘤細胞注入小鼠腹部，讓這些細胞在小鼠體內大量繁殖並分泌抗體。

2.經過一段時間後，融合瘤細胞會大量釋放抗體到小鼠腹水中，形成所謂的「抗體濃度腹水」。

3.接下來，我們會收集這些小鼠腹水，裡面含有大量的抗體。

4.最後，利用純化技術如FPLC層析儀等裝置，將抗體回收並純化，得到高品質的抗體供後續研究使用。

這整個過程是在人類治療性抗體研發平台中的一個重要服務項目，用以製備具有潛力的抗體。"
進駐生醫轉譯研究中心非專屬核心設施,人類治療性抗體研發平台,使用GH抗體庫開發針對特定抗原的抗體有哪些優勢？,學術,https://biotrec.sinica.edu.tw/pages/2091,中研院學術處,使用GH抗體庫開發針對特定抗原的抗體具有高度專一性、中和性、低免疫排斥力和低副作用等優勢。這些特點使得這種抗體在癌症、自體免疫疾病和感染性疾病的臨床治療方面非常有效，並且是全球新藥開發的主要趨勢。總而言之，使用GH抗體庫開發的抗體具有廣泛的應用前景和治療潛力。
進駐生醫轉譯研究中心非專屬核心設施,人類治療性抗體研發平台,這個平台提供的客製化服務包括哪些內容？,學術,https://biotrec.sinica.edu.tw/pages/2091,中研院學術處,這個平台提供的客製化服務會根據客戶的需求提供相應的抗體研究服務，具體內容會依照客戶要求來進行。
進駐生醫轉譯研究中心非專屬核心設施,人類治療性抗體研發平台,如果想要使用這個平台的設施和設備，該如何查看使用規則和收費標準？,學術,https://biotrec.sinica.edu.tw/pages/2091,中研院學術處,想要查看使用規則和收費標準，請到這個網址看一下：https://biotrec.sinica.edu.tw/pages/2091。
進駐生醫轉譯研究中心非專屬核心設施,臺灣小鼠診所,臺灣小鼠診所到底是提供哪些服務呢？,學術,https://biotrec.sinica.edu.tw/posts/135922,中研院學術處,臺灣小鼠診所主要提供先進與多元化的表現型分析服務和各式樣藥物安全性及藥效評估的標準化及客制化套裝服務，協助學研界和產業界新藥開發。設施可以分成動物設施和表現型暨藥效分析兩大部分，動物設施提供基礎實驗操作空間、設備和小鼠淨化服務；表現型暨藥效分析則提供國內外生物醫學研究人員小動物的高科技表現型鑑定技術、藥效分析和藥物安全性檢測等實驗與研究。
進駐生醫轉譯研究中心非專屬核心設施,臺灣小鼠診所,能告訴我這個設施有哪兩大部分嗎？,學術,https://biotrec.sinica.edu.tw/posts/135922,中研院學術處,這個設施主要分為動物設施和表現型暨藥效分析兩大部分。動物設施提供小鼠代養和各種實驗操作空間，表現型暨藥效分析則提供生物醫學藥物研究中的小動物高科技表現型鑑定技術。
進駐生醫轉譯研究中心非專屬核心設施,臺灣小鼠診所,小鼠代養這個項目具體包含哪些服務呢？,學術,https://biotrec.sinica.edu.tw/posts/135922,中研院學術處,小鼠代養這個項目提供一系列服務，包括基礎實驗操作空間和設備、為新藥開發所需的人類化腸道微生物小鼠以及小鼠淨化。此外，還負責進行表現型鑑定、新藥藥物開發和動物影像試驗分析的小鼠。
進駐生醫轉譯研究中心非專屬核心設施,臺灣小鼠診所,表現型暨藥效分析提供哪些高科技表現型鑑定技術？,學術,https://biotrec.sinica.edu.tw/posts/135922,中研院學術處,表現型暨藥效分析提供六大類的高科技表現型鑑定技術，包括神經科學、心血管疾病、病理研究、生理代謝、生物影像以及免疫反應等實驗。
進駐生醫轉譯研究中心非專屬核心設施,臺灣小鼠診所,這個診所如何協助藥物安全性檢測和藥效分析呢？,學術,https://biotrec.sinica.edu.tw/posts/135922,中研院學術處,這個診所主要分為動物設施和表現型暨藥效分析兩大部分來協助藥物安全性檢測和藥效分析。動物設施提供代養小鼠、基礎實驗設備以及小鼠淨化服務，來進行新藥開發和動物影像試驗分析。而表現型暨藥效分析則提供小動物六大類的高科技表現型鑑定技術，包含神經科學、心血管疾病、病理研究、生理代謝、生物影像和免疫反應等實驗。通過這些實驗來協助藥效分析和藥物安全性檢測，促進以小動物作為研究人類疾病模式和藥物開發的各項研究。
進駐生醫轉譯研究中心非專屬核心設施,臺灣小鼠診所,我可以在哪裡了解到設施的使用規則和收費標準呢？,學術,https://biotrec.sinica.edu.tw/posts/135922,中研院學術處,
進駐生醫轉譯研究中心非專屬核心設施,臺灣小鼠診所,想要聯繫臺灣小鼠診所，有什麼聯繫方式可以提供呢？,學術,https://biotrec.sinica.edu.tw/posts/135922,中研院學術處,要聯繫臺灣小鼠診所，可以參考他們的網站 https://biotrec.sinica.edu.tw/posts/135922，上面會有關於設施介紹、使用規則、收費標準及聯繫方式的詳細資訊。
進駐生醫轉譯研究中心非專屬核心設施,臺灣小鼠診所,這個診所主要是為了協助哪些方面的新藥開發呢？,學術,https://biotrec.sinica.edu.tw/posts/135922,中研院學術處,這個診所主要是為了協助學研界和產業界的新藥開發，提供先進與多元化的表現型分析服務，並建立樣藥物安全性及藥效評估的標準化和客制化套裝服務。他們還提供小動物的高科技表現型鑑定技術及藥物安全性檢測，以促進以小動物作為研究人類疾病模式和藥物開發等各項研究。
進駐生醫轉譯研究中心非專屬核心設施,動物影像設施,這個動物影像設施提供的客製化MRI和micro-CT影像服務是怎麼進行的呢？,學術,https://biotrec.sinica.edu.tw/pages/2136,中研院學術處,這個動物影像設施提供最先進的核磁共振和電腦斷層掃描技術支持。他們會根據您的需求和實驗設計來進行客製化的MRI和micro-CT影像掃描，以滿足您在生技研發、藥物開發和轉譯研究等方面的需求。服務內容涵蓋了影像資料的收集、分析以及生物醫學應用研究等領域，旨在協助台灣生醫產業發展和競爭力。要了解更多詳細資訊和聯繫方式，可以參考他們的官方網站。
進駐生醫轉譯研究中心非專屬核心設施,動物影像設施,如果我想要客製化動物模型，你們能幫忙做哪些評估包套服務呢？,學術,https://biotrec.sinica.edu.tw/pages/2136,中研院學術處,我們可以幫你提供客製化動物模型以及各種客製化評估包套服務。具體的服務項目可以參考我們的網站https://biotrec.sinica.edu.tw/pages/2136，進一步了解詳細內容和項目。如果還有其他問題，歡迎隨時聯繫我們。
進駐生醫轉譯研究中心非專屬核心設施,動物影像設施,專業影像判讀和特殊影像後處理服務是指什麼呢？,學術,https://biotrec.sinica.edu.tw/pages/2136,中研院學術處,專業影像判讀和特殊影像後處理服務，指的是根據不同需求，提供對核磁共振和電腦斷層掃描影像進行專業分析，以及進一步處理或調整影像，幫助用戶在研究或應用上獲得更清晰、準確的結果。
進駐生醫轉譯研究中心非專屬核心設施,動物影像設施,非活體掃描服務跟其他掃描有什麼不同呢？,學術,https://biotrec.sinica.edu.tw/pages/2136,中研院學術處,非活體掃描服務是針對已經死亡的動物進行掃描，而其他掃描則是對活著的動物進行。這種掃描方式可以讓我們在不影響活體動物的情況下，研究動物身體結構和功能。
進駐生醫轉譯研究中心非專屬核心設施,動物影像設施,你們有提供哪些全方位動物實驗諮詢、規劃和實驗設計呢？,學術,https://biotrec.sinica.edu.tw/pages/2136,中研院學術處,我們提供的全方位動物實驗諮詢、規劃和實驗設計包括客製化MRI/micro-CT影像服務、客製化動物模型與各項客製化評估包套服務、專業影像判讀與特殊影像後處理服務，以及非活體掃描服務。透過這些服務，我們能夠協助產學界加速生技研發、藥物開發和轉譯研究，推動台灣生醫產業發展和國際競爭力。
進駐生醫轉譯研究中心非專屬核心設施,動物影像設施,這個設施裡面的超高解析度小動物活體斷層掃描儀有什麼特點呢？,學術,https://biotrec.sinica.edu.tw/pages/2136,中研院學術處,這個超高解析度小動物活體斷層掃描儀的特點是能提供非常高的影像品質和細節，對於小動物的研究和觀察特別有幫助。對於產學界的生技研發、藥物開發等領域提供重要的支持。如果想了解更多相關訊息，可以參考這個網址：https://biotrec.sinica.edu.tw/pages/2136。
進駐生醫轉譯研究中心非專屬核心設施,動物影像設施,我可以在哪裡查看關於這個設施的介紹、使用規則、收費標準和聯繫方式呢？,學術,https://biotrec.sinica.edu.tw/pages/2136,中研院學術處,你可以去這個網址查看關於這個設施的介紹、使用規則、收費標準和聯繫方式喔：https://biotrec.sinica.edu.tw/pages/2136
